arch,budget_ms,skill,seed,died,waves_cleared,duration_s,bored,danger,in_band,mean_health,min_health,decisions,requests,deadline_met,fallback_rate,cache_hit_rate,input_tokens,tick_p99_ms,tick_max_ms,overruns,late,stale,failed
async,250.0,weak,0,0,30,130.713,0.07574,0.0,0.92426,0.6801,0.23847,29,29,0.6896551724137931,0.3103448275862069,0.0,7255,33.0,33.0,0,9,0,0
async,250.0,weak,1,1,8,42.669,0.15468,0.07038,0.77494,0.61236,0.0,8,8,0.375,0.625,0.0,1999,33.0,33.0,0,5,0,0
async,250.0,weak,2,0,30,134.508,0.02944,0.01865,0.95191,0.58204,0.16531,29,29,0.6896551724137931,0.3103448275862069,0.0,7256,33.0,33.0,0,9,0,0
async,250.0,weak,3,0,30,121.572,0.09066,0.01493,0.89441,0.63593,0.12519,29,29,0.5517241379310345,0.4482758620689655,0.0,7253,33.0,33.0,0,13,0,0
async,250.0,weak,4,0,30,129.426,0.05456,0.07828,0.86716,0.51808,0.03388,29,29,0.7931034482758621,0.20689655172413793,0.0,7258,33.0,33.0,0,6,0,0
async,250.0,medium,0,0,30,104.841,0.05823,0.0362,0.90557,0.56883,0.11728,29,29,0.4482758620689655,0.5517241379310345,0.0,7262,33.0,33.0,0,16,0,0
async,250.0,medium,1,0,30,98.439,0.12504,0.0,0.87496,0.72936,0.38671,29,29,0.6206896551724138,0.3793103448275862,0.0,7251,33.0,33.0,0,11,0,0
async,250.0,medium,2,0,30,101.574,0.06595,0.03574,0.89831,0.59595,0.07372,29,29,0.6896551724137931,0.3103448275862069,0.0,7251,33.0,33.0,0,9,0,0
async,250.0,medium,3,0,30,103.62,0.06783,0.01051,0.92166,0.63035,0.14128,29,29,0.7241379310344828,0.27586206896551724,0.0,7253,33.0,33.0,0,8,0,0
async,250.0,medium,4,0,30,107.448,0.10381,0.0,0.89619,0.69601,0.31176,29,29,0.5172413793103449,0.4827586206896552,0.0,7259,33.0,33.0,0,14,0,0
async,250.0,strong,0,0,30,87.153,0.08557,0.0,0.91443,0.73049,0.39401,29,29,0.7586206896551724,0.2413793103448276,0.0,7256,33.0,33.0,0,7,0,0
async,250.0,strong,1,0,30,89.529,0.13527,0.0,0.86473,0.72815,0.42953,29,29,0.5862068965517241,0.41379310344827586,0.0,7260,33.0,33.0,0,12,0,0
async,250.0,strong,2,1,3,12.276,0.28495,0.07796,0.6371,0.66428,0.0,3,3,1.0,0.0,0.0,751,33.0,33.0,0,0,0,0
async,250.0,strong,3,0,30,80.553,0.05899,0.01516,0.92585,0.61891,0.15334,29,29,0.4827586206896552,0.5172413793103449,0.0,7251,33.0,33.0,0,15,0,0
async,250.0,strong,4,0,30,83.424,0.10997,0.0,0.89003,0.70252,0.37828,29,29,0.4827586206896552,0.5172413793103449,0.0,7256,33.0,33.0,0,15,0,0
