arch,budget_ms,skill,seed,died,waves_cleared,duration_s,bored,danger,in_band,mean_health,min_health,decisions,requests,deadline_met,fallback_rate,cache_hit_rate,input_tokens,tick_p99_ms,tick_max_ms,overruns,late,stale,failed,hits,misses,mismatches,cache_size,coarse,order
cache,250,weak,0,0,30,132.297,0.03767,0.01297,0.94936,0.61434,0.11092,29,28,0.7241379310344828,0.27586206896551724,0.034482758620689655,7010,33.0,33.0,0,8,0,0,1,28,0,28,0.25,0
cache,250,medium,0,1,24,87.417,0.06229,0.11665,0.82106,0.54216,0.0,24,24,0.6666666666666666,0.3333333333333333,0.0,6008,33.0,33.0,0,8,0,0,0,24,0,52,0.25,0
cache,250,strong,0,1,28,88.506,0.06972,0.01902,0.91126,0.66687,0.0,28,28,0.7142857142857143,0.2857142857142857,0.0,7009,33.0,33.0,0,8,0,0,0,28,0,80,0.25,0
cache,250,weak,1,0,30,124.608,0.05191,0.03178,0.91631,0.51439,0.16881,29,29,0.6206896551724138,0.3793103448275862,0.0,7258,33.0,33.0,0,11,0,0,0,29,0,109,0.25,1
cache,250,medium,1,1,27,97.449,0.10024,0.01151,0.88825,0.663,0.0,27,27,0.6296296296296297,0.37037037037037035,0.0,6755,33.0,33.0,0,10,0,0,0,27,0,136,0.25,1
cache,250,strong,1,0,30,86.724,0.12861,0.0,0.87139,0.72595,0.35471,29,29,0.6206896551724138,0.3793103448275862,0.0,7263,33.0,33.0,0,11,0,0,0,29,0,165,0.25,1
cache,250,weak,2,1,20,98.373,0.07648,0.11707,0.80644,0.52495,0.0,20,18,0.65,0.35,0.1,4503,33.0,33.0,0,7,0,0,2,18,1,183,0.25,2
cache,250,medium,2,0,30,106.623,0.06685,0.0,0.93315,0.65108,0.38958,29,28,0.5172413793103449,0.4827586206896552,0.034482758620689655,7009,33.0,33.0,0,14,0,0,1,28,0,211,0.25,2
cache,250,strong,2,0,30,82.665,0.05509,0.0,0.94491,0.66313,0.28349,29,28,0.5172413793103449,0.4827586206896552,0.034482758620689655,7005,33.0,33.0,0,14,0,0,1,28,0,239,0.25,2
cache,250,weak,3,1,1,11.88,0.30833,0.19167,0.5,0.6213,0.0,1,1,1.0,0.0,0.0,250,33.0,33.0,0,0,0,0,0,1,0,240,0.25,3
cache,250,medium,3,0,30,103.224,0.08792,0.0438,0.86829,0.63184,0.03931,29,29,0.6551724137931034,0.3448275862068966,0.0,7255,33.0,33.0,0,10,0,0,0,29,0,269,0.25,3
cache,250,strong,3,0,30,82.863,0.09877,0.0,0.90123,0.7222,0.33676,29,29,0.6551724137931034,0.3448275862068966,0.0,7257,33.0,33.0,0,10,0,0,0,29,0,298,0.25,3
cache,250,weak,4,1,16,69.465,0.09976,0.019,0.88124,0.56219,0.0,16,13,0.75,0.25,0.1875,3252,33.0,33.0,0,4,0,0,3,13,0,311,0.25,4
cache,250,medium,4,0,30,102.234,0.07876,0.07069,0.85055,0.55958,0.06685,29,27,0.7931034482758621,0.20689655172413793,0.06896551724137931,6756,33.0,33.0,0,6,0,0,2,27,1,338,0.25,4
cache,250,strong,4,1,13,39.27,0.14034,0.03697,0.82269,0.69691,0.0,13,13,0.6923076923076923,0.3076923076923077,0.0,3250,33.0,33.0,0,4,0,0,0,13,0,351,0.25,4
cache,250,weak,5,1,8,36.465,0.0552,0.14118,0.80362,0.50727,0.0,8,8,0.625,0.375,0.0,1998,33.0,33.0,0,3,0,0,0,8,0,359,0.25,5
cache,250,medium,5,0,30,100.188,0.03426,0.10343,0.86232,0.51462,0.04935,29,28,0.7241379310344828,0.27586206896551724,0.034482758620689655,7005,33.0,33.0,0,8,0,0,1,28,0,387,0.25,5
cache,250,strong,5,1,12,41.283,0.15827,0.03277,0.80895,0.68746,0.0,12,12,0.6666666666666666,0.3333333333333333,0.0,3001,33.0,33.0,0,4,0,0,0,12,0,399,0.25,5
cache,250,weak,6,0,30,138.666,0.03784,0.0,0.96216,0.57664,0.26242,29,27,0.6896551724137931,0.3103448275862069,0.06896551724137931,6759,33.0,33.0,0,9,0,0,2,27,0,426,0.25,6
cache,250,medium,6,0,30,107.679,0.04382,0.0,0.95618,0.61328,0.29465,29,29,0.6551724137931034,0.3448275862068966,0.0,7253,33.0,33.0,0,10,0,0,0,29,0,455,0.25,6
cache,250,strong,6,0,30,89.133,0.10515,0.0,0.89485,0.7075,0.36594,29,27,0.6896551724137931,0.3103448275862069,0.06896551724137931,6761,33.0,33.0,0,9,0,0,2,27,1,482,0.25,6
cache,250,weak,7,0,30,136.884,0.0487,0.05159,0.89971,0.56364,0.0285,29,27,0.7241379310344828,0.27586206896551724,0.06896551724137931,6755,33.0,33.0,0,8,0,0,2,27,0,509,0.25,7
cache,250,medium,7,1,21,74.811,0.08513,0.01941,0.89546,0.63843,0.0,21,20,0.8095238095238095,0.19047619047619047,0.047619047619047616,5001,33.0,33.0,0,4,0,0,1,20,0,529,0.25,7
cache,250,strong,7,0,30,86.955,0.03795,0.0,0.96205,0.69428,0.35017,29,27,0.7241379310344828,0.27586206896551724,0.06896551724137931,6757,33.0,33.0,0,8,0,0,2,27,1,556,0.25,7
cache,250,weak,8,0,30,128.238,0.04581,0.0,0.95419,0.66965,0.37563,29,28,0.7241379310344828,0.27586206896551724,0.034482758620689655,7005,33.0,33.0,0,8,0,0,1,28,0,584,0.25,8
cache,250,medium,8,0,30,107.613,0.03496,0.0,0.96504,0.63027,0.22149,29,27,0.7241379310344828,0.27586206896551724,0.06896551724137931,6755,33.0,33.0,0,8,0,0,2,27,0,611,0.25,8
cache,250,strong,8,0,30,87.879,0.09651,0.0,0.90349,0.73833,0.44164,29,29,0.7241379310344828,0.27586206896551724,0.0,7257,33.0,33.0,0,8,0,0,0,29,0,640,0.25,8
cache,250,weak,9,1,7,38.412,0.14691,0.04983,0.80326,0.66106,0.0,7,7,0.7142857142857143,0.2857142857142857,0.0,1750,33.0,33.0,0,2,0,0,0,7,0,647,0.25,9
cache,250,medium,9,0,30,105.534,0.08474,0.0,0.91526,0.72792,0.43381,29,29,0.7586206896551724,0.2413793103448276,0.0,7255,33.0,33.0,0,7,0,0,0,29,0,676,0.25,9
cache,250,strong,9,0,30,79.992,0.07426,0.0,0.92574,0.66224,0.28706,29,29,0.7586206896551724,0.2413793103448276,0.0,7256,33.0,33.0,0,7,0,0,0,29,0,705,0.25,9
cache,250,weak,10,1,14,65.67,0.09648,0.03467,0.86884,0.69723,0.0,14,12,0.7142857142857143,0.2857142857142857,0.14285714285714285,2999,33.0,33.0,0,4,0,0,2,12,1,717,0.25,10
cache,250,medium,10,0,30,107.481,0.0657,0.0,0.9343,0.67816,0.27798,29,27,0.6896551724137931,0.3103448275862069,0.06896551724137931,6753,33.0,33.0,0,9,0,0,2,27,0,744,0.25,10
cache,250,strong,10,0,30,91.047,0.08626,0.0,0.91374,0.66166,0.29063,29,26,0.6896551724137931,0.3103448275862069,0.10344827586206896,6507,33.0,33.0,0,9,0,0,3,26,0,770,0.25,10
cache,250,weak,11,0,30,137.412,0.07949,0.13785,0.78266,0.5623,0.00643,29,26,0.6896551724137931,0.3103448275862069,0.10344827586206896,6503,33.0,33.0,0,9,0,0,3,26,1,796,0.25,11
cache,250,medium,11,1,3,13.233,0.50873,0.10474,0.38653,0.76241,0.0,3,3,0.6666666666666666,0.3333333333333333,0.0,750,33.0,33.0,0,1,0,0,0,3,0,799,0.25,11
cache,250,strong,11,1,3,13.86,0.50952,0.12381,0.36667,0.73822,0.0,3,3,0.6666666666666666,0.3333333333333333,0.0,750,33.0,33.0,0,1,0,0,0,3,0,802,0.25,11
cache,250,weak,12,0,30,123.255,0.03186,0.02088,0.94726,0.62828,0.10974,29,26,0.896551724137931,0.10344827586206896,0.10344827586206896,6506,33.0,33.0,0,3,0,0,3,26,0,828,0.25,12
cache,250,medium,12,1,10,37.719,0.09274,0.02012,0.88714,0.70473,0.0,10,9,0.9,0.1,0.1,2249,33.0,33.0,0,1,0,0,1,9,0,837,0.25,12
cache,250,strong,12,0,30,86.13,0.03602,0.0,0.96398,0.65075,0.29593,29,26,0.896551724137931,0.10344827586206896,0.10344827586206896,6505,33.0,33.0,0,3,0,0,3,26,2,863,0.25,12
cache,250,weak,13,1,27,110.781,0.01817,0.00715,0.97468,0.62547,0.0,27,26,0.7777777777777778,0.2222222222222222,0.037037037037037035,6506,33.0,33.0,0,6,0,0,1,26,0,889,0.25,13
cache,250,medium,13,1,23,82.5,0.1112,0.0088,0.88,0.69992,0.0,23,22,0.782608695652174,0.21739130434782608,0.043478260869565216,5505,33.0,33.0,0,5,0,0,1,22,0,911,0.25,13
cache,250,strong,13,0,30,86.13,0.09847,0.0,0.90153,0.68157,0.23269,29,27,0.7586206896551724,0.2413793103448276,0.06896551724137931,6754,33.0,33.0,0,7,0,0,2,27,0,938,0.25,13
cache,250,weak,14,0,30,115.533,0.01742,0.03228,0.9503,0.57263,0.07092,29,23,0.7241379310344828,0.27586206896551724,0.20689655172413793,5752,33.0,33.0,0,8,0,0,6,23,0,961,0.25,14
cache,250,medium,14,0,30,95.898,0.0671,0.00688,0.92602,0.67105,0.16146,29,25,0.6896551724137931,0.3103448275862069,0.13793103448275862,6255,33.0,33.0,0,9,0,0,4,25,0,986,0.25,14
cache,250,strong,14,0,30,91.311,0.08529,0.0,0.91471,0.69552,0.26089,29,26,0.6896551724137931,0.3103448275862069,0.10344827586206896,6508,33.0,33.0,0,9,0,0,3,26,2,1012,0.25,14
cache,250,weak,15,0,30,134.673,0.01495,0.0,0.98505,0.60682,0.27225,29,27,0.5862068965517241,0.41379310344827586,0.06896551724137931,6759,33.0,33.0,0,12,0,0,2,27,0,1039,0.25,15
cache,250,medium,15,1,19,73.887,0.06431,0.02412,0.91157,0.73675,0.0,19,19,0.5263157894736842,0.47368421052631576,0.0,4752,33.0,33.0,0,9,0,0,0,19,0,1058,0.25,15
cache,250,strong,15,0,30,93.654,0.09056,0.00775,0.90169,0.72902,0.14485,29,25,0.6206896551724138,0.3793103448275862,0.13793103448275862,6259,33.0,33.0,0,11,0,0,4,25,0,1083,0.25,15
cache,250,weak,16,1,8,38.973,0.10076,0.05504,0.8442,0.61238,0.0,8,7,0.75,0.25,0.125,1750,33.0,33.0,0,2,0,0,1,7,0,1090,0.25,16
cache,250,medium,16,0,30,103.125,0.0416,0.0,0.9584,0.59418,0.20926,29,27,0.6551724137931034,0.3448275862068966,0.06896551724137931,6758,33.0,33.0,0,10,0,0,2,27,1,1117,0.25,16
cache,250,strong,16,0,30,90.816,0.10574,0.00073,0.89353,0.70246,0.19902,29,26,0.6896551724137931,0.3103448275862069,0.10344827586206896,6509,33.0,33.0,0,9,0,0,3,26,0,1143,0.25,16
cache,250,weak,17,0,30,117.546,0.02667,0.0,0.97333,0.61623,0.29154,29,24,0.6896551724137931,0.3103448275862069,0.1724137931034483,6005,33.0,33.0,0,9,0,0,5,24,0,1167,0.25,17
cache,250,medium,17,1,29,107.283,0.04122,0.01323,0.94556,0.64655,0.0,29,24,0.6896551724137931,0.3103448275862069,0.1724137931034483,6007,33.0,33.0,0,9,0,0,5,24,1,1191,0.25,17
cache,250,strong,17,0,30,92.433,0.12817,0.0,0.87183,0.73209,0.37827,29,25,0.6551724137931034,0.3448275862068966,0.13793103448275862,6255,33.0,33.0,0,10,0,0,4,25,1,1216,0.25,17
cache,250,weak,18,1,17,81.939,0.05034,0.02336,0.9263,0.65646,0.0,17,15,0.8235294117647058,0.17647058823529413,0.11764705882352941,3753,33.0,33.0,0,3,0,0,2,15,0,1231,0.25,18
cache,250,medium,18,0,30,102.696,0.05238,0.0,0.94762,0.59378,0.22334,29,25,0.7241379310344828,0.27586206896551724,0.13793103448275862,6253,33.0,33.0,0,8,0,0,4,25,1,1256,0.25,18
cache,250,strong,18,0,30,84.777,0.04243,0.0,0.95757,0.66661,0.22654,29,27,0.6551724137931034,0.3448275862068966,0.06896551724137931,6758,33.0,33.0,0,10,0,0,2,27,2,1283,0.25,18
cache,250,weak,19,0,30,126.225,0.02797,0.0,0.97203,0.59187,0.27524,29,23,0.7931034482758621,0.20689655172413793,0.20689655172413793,5758,33.0,33.0,0,6,0,0,6,23,1,1306,0.25,19
cache,250,medium,19,0,30,99.528,0.062,0.00829,0.92971,0.58152,0.1554,29,23,0.7931034482758621,0.20689655172413793,0.20689655172413793,5756,33.0,33.0,0,6,0,0,6,23,2,1329,0.25,19
cache,250,strong,19,0,30,87.582,0.10663,0.0,0.89337,0.70664,0.38262,29,26,0.7241379310344828,0.27586206896551724,0.10344827586206896,6510,33.0,33.0,0,8,0,0,3,26,0,1355,0.25,19
cache,250,weak,20,0,30,123.915,0.05885,0.01758,0.92357,0.54855,0.11758,29,28,0.6896551724137931,0.3103448275862069,0.034482758620689655,7007,33.0,33.0,0,9,0,0,1,28,0,1383,0.25,20
cache,250,medium,20,0,30,106.689,0.04516,0.09805,0.85679,0.5273,0.01446,29,22,0.7586206896551724,0.2413793103448276,0.2413793103448276,5506,33.0,33.0,0,7,0,0,7,22,0,1405,0.25,20
cache,250,strong,20,0,30,81.741,0.12475,0.0,0.87525,0.69049,0.33757,29,26,0.7241379310344828,0.27586206896551724,0.10344827586206896,6504,33.0,33.0,0,8,0,0,3,26,0,1431,0.25,20
cache,250,weak,21,0,30,126.918,0.08242,0.0,0.91758,0.69454,0.33439,29,25,0.6206896551724138,0.3793103448275862,0.13793103448275862,6253,33.0,33.0,0,11,0,0,4,25,0,1456,0.25,21
cache,250,medium,21,0,30,105.666,0.09213,0.0,0.90787,0.62447,0.23098,29,24,0.6206896551724138,0.3793103448275862,0.1724137931034483,6003,33.0,33.0,0,11,0,0,5,24,1,1480,0.25,21
cache,250,strong,21,0,30,83.556,0.0778,0.0,0.9222,0.74572,0.50625,29,26,0.6206896551724138,0.3793103448275862,0.10344827586206896,6503,33.0,33.0,0,11,0,0,3,26,0,1506,0.25,21
cache,250,weak,22,1,11,62.436,0.05074,0.18499,0.76427,0.55285,0.0,11,11,0.18181818181818182,0.8181818181818182,0.0,2752,33.0,33.0,0,9,0,0,0,11,0,1517,0.25,22
cache,250,medium,22,0,30,107.877,0.05384,0.0,0.94616,0.57882,0.30469,29,27,0.5517241379310345,0.4482758620689655,0.06896551724137931,6754,33.0,33.0,0,13,0,0,2,27,0,1544,0.25,22
cache,250,strong,22,0,30,83.358,0.08749,0.0,0.91251,0.69339,0.42772,29,24,0.5862068965517241,0.41379310344827586,0.1724137931034483,6006,33.0,33.0,0,12,0,0,5,24,0,1568,0.25,22
cache,250,weak,23,0,30,121.143,0.04386,0.0,0.95614,0.65789,0.27758,29,24,0.7241379310344828,0.27586206896551724,0.1724137931034483,6005,33.0,33.0,0,8,0,0,5,24,0,1592,0.25,23
cache,250,medium,23,0,30,107.415,0.05346,0.0,0.94654,0.67742,0.36847,29,21,0.7586206896551724,0.2413793103448276,0.27586206896551724,5256,33.0,33.0,0,7,0,0,8,21,2,1613,0.25,23
cache,250,strong,23,0,30,86.526,0.09725,0.0,0.90275,0.67963,0.2573,29,27,0.6206896551724138,0.3793103448275862,0.06896551724137931,6755,33.0,33.0,0,11,0,0,2,27,0,1640,0.25,23
cache,250,weak,24,0,30,127.611,0.0812,0.0,0.9188,0.68473,0.28579,29,24,0.6206896551724138,0.3793103448275862,0.1724137931034483,6002,33.0,33.0,0,11,0,0,5,24,1,1664,0.25,24
cache,250,medium,24,0,30,103.389,0.05713,0.0,0.94287,0.69793,0.36973,29,25,0.6206896551724138,0.3793103448275862,0.13793103448275862,6257,33.0,33.0,0,11,0,0,4,25,1,1689,0.25,24
cache,250,strong,24,0,30,87.879,0.10439,0.0,0.89561,0.67647,0.36148,29,23,0.6206896551724138,0.3793103448275862,0.20689655172413793,5756,33.0,33.0,0,11,0,0,6,23,1,1712,0.25,24
cache,250,weak,25,1,29,119.097,0.0169,0.0072,0.97589,0.66212,0.0,29,21,0.7931034482758621,0.20689655172413793,0.27586206896551724,5257,33.0,33.0,0,6,0,0,8,21,0,1733,0.25,25
cache,250,medium,25,0,30,105.105,0.07002,0.0,0.92998,0.66667,0.25596,29,26,0.7241379310344828,0.27586206896551724,0.10344827586206896,6507,33.0,33.0,0,8,0,0,3,26,0,1759,0.25,25
cache,250,strong,25,0,30,86.889,0.10786,0.0,0.89214,0.73773,0.47683,29,27,0.7241379310344828,0.27586206896551724,0.06896551724137931,6755,33.0,33.0,0,8,0,0,2,27,0,1786,0.25,25
cache,250,weak,26,0,30,125.202,0.03453,0.0,0.96547,0.56053,0.27162,29,21,0.6551724137931034,0.3448275862068966,0.27586206896551724,5256,33.0,33.0,0,10,0,0,8,21,1,1807,0.25,26
cache,250,medium,26,0,30,97.779,0.0621,0.01147,0.92643,0.62972,0.14492,29,22,0.6206896551724138,0.3793103448275862,0.2413793103448276,5500,33.0,33.0,0,11,0,0,7,22,3,1829,0.25,26
cache,250,strong,26,0,30,84.81,0.10039,0.0,0.89961,0.69771,0.3275,29,23,0.6206896551724138,0.3793103448275862,0.20689655172413793,5754,33.0,33.0,0,11,0,0,6,23,1,1852,0.25,26
cache,250,weak,27,0,30,128.403,0.0347,0.0,0.9653,0.65526,0.36414,29,20,0.7241379310344828,0.27586206896551724,0.3103448275862069,5005,33.0,33.0,0,8,0,0,9,20,2,1872,0.25,27
cache,250,medium,27,0,30,101.244,0.05606,0.00652,0.93742,0.6182,0.1861,29,20,0.7241379310344828,0.27586206896551724,0.3103448275862069,5002,33.0,33.0,0,8,0,0,9,20,1,1892,0.25,27
cache,250,strong,27,0,30,85.668,0.08667,0.0,0.91333,0.70118,0.32749,29,25,0.7241379310344828,0.27586206896551724,0.13793103448275862,6258,33.0,33.0,0,8,0,0,4,25,0,1917,0.25,27
cache,250,weak,28,1,19,84.876,0.05365,0.00778,0.93857,0.60435,0.0,19,12,0.8421052631578947,0.15789473684210525,0.3684210526315789,3005,33.0,33.0,0,3,0,0,7,12,1,1929,0.25,28
cache,250,medium,28,0,30,98.868,0.03672,0.0,0.96328,0.63965,0.30007,29,24,0.7931034482758621,0.20689655172413793,0.1724137931034483,6005,33.0,33.0,0,6,0,0,5,24,1,1953,0.25,28
cache,250,strong,28,0,30,80.784,0.05106,0.00613,0.94281,0.60068,0.18324,29,24,0.7931034482758621,0.20689655172413793,0.1724137931034483,6008,33.0,33.0,0,6,0,0,5,24,1,1977,0.25,28
cache,250,weak,29,0,30,118.767,0.02723,0.0,0.97277,0.54197,0.22302,29,24,0.7241379310344828,0.27586206896551724,0.1724137931034483,6006,33.0,33.0,0,8,0,0,5,24,0,2001,0.25,29
cache,250,medium,29,1,6,26.697,0.15204,0.05439,0.79357,0.66496,0.0,6,5,0.8333333333333334,0.16666666666666666,0.16666666666666666,1249,33.0,33.0,0,1,0,0,1,5,0,2006,0.25,29
cache,250,strong,29,0,30,76.395,0.06955,0.0432,0.88726,0.67981,0.05149,29,26,0.6551724137931034,0.3448275862068966,0.10344827586206896,6506,33.0,33.0,0,10,0,0,3,26,1,2032,0.25,29
cache,250,weak,0,0,30,132.297,0.03767,0.01297,0.94936,0.61434,0.11092,29,28,0.7241379310344828,0.27586206896551724,0.034482758620689655,7010,33.0,33.0,0,8,0,0,1,28,0,28,0.5,0
cache,250,medium,0,0,30,104.181,0.05226,0.02851,0.91923,0.62679,0.10944,29,28,0.7241379310344828,0.27586206896551724,0.034482758620689655,7001,33.0,33.0,0,8,0,0,1,28,0,56,0.5,0
cache,250,strong,0,1,28,88.506,0.06972,0.01902,0.91126,0.66687,0.0,28,28,0.7142857142857143,0.2857142857142857,0.0,7009,33.0,33.0,0,8,0,0,0,28,0,84,0.5,0
cache,250,weak,1,0,30,124.608,0.05191,0.03178,0.91631,0.51439,0.16881,29,29,0.6206896551724138,0.3793103448275862,0.0,7258,33.0,33.0,0,11,0,0,0,29,0,113,0.5,1
cache,250,medium,1,0,30,107.778,0.06583,0.0,0.93417,0.59841,0.23396,29,21,0.6896551724137931,0.3103448275862069,0.27586206896551724,5256,33.0,33.0,0,9,0,0,8,21,0,134,0.5,1
cache,250,strong,1,0,30,85.899,0.12101,0.0,0.87899,0.71092,0.34927,29,26,0.6551724137931034,0.3448275862068966,0.10344827586206896,6506,33.0,33.0,0,10,0,0,3,26,0,160,0.5,1
cache,250,weak,2,1,20,102.069,0.05011,0.129,0.82089,0.49802,0.0,20,17,0.65,0.35,0.15,4252,33.0,33.0,0,7,0,0,3,17,1,177,0.5,2
cache,250,medium,2,0,30,105.963,0.06571,0.0,0.93429,0.64367,0.20032,29,26,0.5517241379310345,0.4482758620689655,0.10344827586206896,6506,33.0,33.0,0,13,0,0,3,26,1,203,0.5,2
cache,250,strong,2,0,30,84.909,0.0412,0.0,0.9588,0.65284,0.35547,29,25,0.5517241379310345,0.4482758620689655,0.13793103448275862,6259,33.0,33.0,0,13,0,0,4,25,0,228,0.5,2
cache,250,weak,3,1,1,11.88,0.30833,0.19167,0.5,0.6213,0.0,1,1,1.0,0.0,0.0,250,33.0,33.0,0,0,0,0,0,1,0,229,0.5,3
cache,250,medium,3,0,30,99.957,0.12942,0.04523,0.82535,0.64631,0.03931,29,26,0.6896551724137931,0.3103448275862069,0.10344827586206896,6506,33.0,33.0,0,9,0,0,3,26,2,255,0.5,3
cache,250,strong,3,0,30,83.028,0.08426,0.0,0.91574,0.70588,0.38917,29,22,0.7586206896551724,0.2413793103448276,0.2413793103448276,5502,33.0,33.0,0,7,0,0,7,22,1,277,0.5,3
cache,250,weak,4,1,9,46.332,0.14957,0.05199,0.79843,0.5293,0.0,9,6,0.8888888888888888,0.1111111111111111,0.3333333333333333,1499,33.0,33.0,0,1,0,0,3,6,1,283,0.5,4
cache,250,medium,4,1,16,60.588,0.15414,0.01144,0.83442,0.7358,0.0,16,13,0.75,0.25,0.1875,3252,33.0,33.0,0,4,0,0,3,13,1,296,0.5,4
cache,250,strong,4,0,30,89.265,0.07579,0.0,0.92421,0.71939,0.29911,29,22,0.8275862068965517,0.1724137931034483,0.2413793103448276,5507,33.0,33.0,0,5,0,0,7,22,0,318,0.5,4
cache,250,weak,5,1,8,36.564,0.05505,0.1417,0.80325,0.50909,0.0,8,7,0.625,0.375,0.125,1748,33.0,33.0,0,3,0,0,1,7,0,325,0.5,5
cache,250,medium,5,0,30,97.35,0.06203,0.10644,0.83153,0.5525,0.04935,29,21,0.7931034482758621,0.20689655172413793,0.27586206896551724,5251,33.0,33.0,0,6,0,0,8,21,1,346,0.5,5
cache,250,strong,5,0,30,84.777,0.07591,0.0,0.92409,0.68125,0.31573,29,22,0.7586206896551724,0.2413793103448276,0.2413793103448276,5504,33.0,33.0,0,7,0,0,7,22,2,368,0.5,5
cache,250,weak,6,0,30,126.918,0.04186,0.00442,0.95372,0.57094,0.16005,29,22,0.6896551724137931,0.3103448275862069,0.2413793103448276,5501,33.0,33.0,0,9,0,0,7,22,2,390,0.5,6
cache,250,medium,6,0,30,108.933,0.04332,0.04211,0.91457,0.53912,0.08398,29,24,0.6896551724137931,0.3103448275862069,0.1724137931034483,6004,33.0,33.0,0,9,0,0,5,24,2,414,0.5,6
cache,250,strong,6,0,30,90.618,0.06591,0.0,0.93409,0.69606,0.35238,29,23,0.6896551724137931,0.3103448275862069,0.20689655172413793,5758,33.0,33.0,0,9,0,0,6,23,2,437,0.5,6
cache,250,weak,7,1,17,79.728,0.08361,0.02649,0.8899,0.65781,0.0,17,12,0.9411764705882353,0.058823529411764705,0.29411764705882354,3003,33.0,33.0,0,1,0,0,5,12,1,449,0.5,7
cache,250,medium,7,0,30,102.498,0.06214,0.01481,0.92305,0.6226,0.16227,29,24,0.8275862068965517,0.1724137931034483,0.1724137931034483,6006,33.0,33.0,0,5,0,0,5,24,2,473,0.5,7
cache,250,strong,7,1,17,51.975,0.06349,0.01397,0.92254,0.67539,0.0,17,14,0.8823529411764706,0.11764705882352941,0.17647058823529413,3501,33.0,33.0,0,2,0,0,3,14,1,487,0.5,7
cache,250,weak,8,1,11,53.328,0.04641,0.03775,0.91584,0.59274,0.0,11,6,0.9090909090909091,0.09090909090909091,0.45454545454545453,1500,33.0,33.0,0,1,0,0,5,6,1,493,0.5,8
cache,250,medium,8,0,30,108.933,0.03453,0.0,0.96547,0.61975,0.22149,29,21,0.7931034482758621,0.20689655172413793,0.27586206896551724,5251,33.0,33.0,0,6,0,0,8,21,2,514,0.5,8
cache,250,strong,8,0,30,87.252,0.06732,0.0,0.93268,0.62171,0.24669,29,20,0.7931034482758621,0.20689655172413793,0.3103448275862069,5001,33.0,33.0,0,6,0,0,9,20,3,534,0.5,8
cache,250,weak,9,0,30,126.819,0.05282,0.0,0.94718,0.62703,0.25674,29,14,0.8620689655172413,0.13793103448275862,0.5172413793103449,3500,33.0,33.0,0,4,0,0,15,14,3,548,0.5,9
cache,250,medium,9,0,30,105.468,0.07228,0.01189,0.91583,0.70155,0.1594,29,20,0.8275862068965517,0.1724137931034483,0.3103448275862069,5006,33.0,33.0,0,5,0,0,9,20,1,568,0.5,9
cache,250,strong,9,0,30,81.213,0.07273,0.0,0.92727,0.66094,0.28706,29,26,0.8275862068965517,0.1724137931034483,0.10344827586206896,6506,33.0,33.0,0,5,0,0,3,26,0,594,0.5,9
cache,250,weak,10,0,30,136.62,0.04372,0.0558,0.90048,0.5975,0.09291,29,20,0.7586206896551724,0.2413793103448276,0.3103448275862069,5005,33.0,33.0,0,7,0,0,9,20,3,614,0.5,10
cache,250,medium,10,1,13,47.322,0.11367,0.04324,0.8431,0.64839,0.0,13,11,0.6923076923076923,0.3076923076923077,0.15384615384615385,2751,33.0,33.0,0,4,0,0,2,11,1,625,0.5,10
cache,250,strong,10,0,30,85.47,0.06293,0.0,0.93707,0.66236,0.35264,29,21,0.7586206896551724,0.2413793103448276,0.27586206896551724,5255,33.0,33.0,0,7,0,0,8,21,2,646,0.5,10
cache,250,weak,11,1,2,11.748,0.27528,0.07865,0.64607,0.71626,0.0,2,1,1.0,0.0,0.5,250,33.0,33.0,0,0,0,0,1,1,0,647,0.5,11
cache,250,medium,11,1,3,14.223,0.50348,0.09281,0.40371,0.75798,0.0,3,1,1.0,0.0,0.6666666666666666,250,33.0,33.0,0,0,0,0,2,1,0,648,0.5,11
cache,250,strong,11,0,30,89.298,0.13969,0.00111,0.8592,0.69289,0.19851,29,18,0.8620689655172413,0.13793103448275862,0.3793103448275862,4504,33.0,33.0,0,4,0,0,11,18,2,666,0.5,11
cache,250,weak,12,1,9,43.461,0.09036,0.08352,0.82612,0.6932,0.0,9,3,1.0,0.0,0.6666666666666666,750,33.0,33.0,0,0,0,0,6,3,2,669,0.5,12
cache,250,medium,12,0,30,97.812,0.0614,0.0,0.9386,0.67685,0.32569,29,18,0.9310344827586207,0.06896551724137931,0.3793103448275862,4504,33.0,33.0,0,2,0,0,11,18,4,687,0.5,12
cache,250,strong,12,0,30,85.569,0.03625,0.0,0.96375,0.66418,0.43702,29,18,0.9310344827586207,0.06896551724137931,0.3793103448275862,4505,33.0,33.0,0,2,0,0,11,18,3,705,0.5,12
cache,250,weak,13,1,19,78.606,0.02561,0.02057,0.95382,0.6477,0.0,19,9,0.7894736842105263,0.21052631578947367,0.5263157894736842,2252,33.0,33.0,0,4,0,0,10,9,3,714,0.5,13
cache,250,medium,13,1,24,86.295,0.0631,0.05621,0.88069,0.61446,0.0,24,13,0.8333333333333334,0.16666666666666666,0.4583333333333333,3253,33.0,33.0,0,4,0,0,11,13,0,727,0.5,13
cache,250,strong,13,1,19,59.037,0.22862,0.01453,0.75685,0.77303,0.0,19,13,0.7894736842105263,0.21052631578947367,0.3157894736842105,3253,33.0,33.0,0,4,0,0,6,13,2,740,0.5,13
cache,250,weak,14,0,30,120.153,0.01675,0.02307,0.96018,0.57903,0.10095,29,17,0.7931034482758621,0.20689655172413793,0.41379310344827586,4253,33.0,33.0,0,6,0,0,12,17,2,757,0.5,14
cache,250,medium,14,0,30,102.993,0.04742,0.05415,0.89843,0.6167,0.02979,29,12,0.9310344827586207,0.06896551724137931,0.5862068965517241,3003,33.0,33.0,0,2,0,0,17,12,4,769,0.5,14
cache,250,strong,14,0,30,87.813,0.07516,0.0,0.92484,0.72048,0.48772,29,19,0.7586206896551724,0.2413793103448276,0.3448275862068966,4756,33.0,33.0,0,7,0,0,10,19,4,788,0.5,14
cache,250,weak,15,0,30,135.3,0.01488,0.01366,0.97146,0.57936,0.15229,29,10,0.8275862068965517,0.1724137931034483,0.6551724137931034,2501,33.0,33.0,0,5,0,0,19,10,2,798,0.5,15
cache,250,medium,15,0,30,103.257,0.04251,0.0,0.95749,0.61899,0.24624,29,17,0.7241379310344828,0.27586206896551724,0.41379310344827586,4253,33.0,33.0,0,8,0,0,12,17,5,815,0.5,15
cache,250,strong,15,0,30,90.42,0.0708,0.0,0.9292,0.67706,0.44257,29,13,0.7586206896551724,0.2413793103448276,0.5517241379310345,3254,33.0,33.0,0,7,0,0,16,13,4,828,0.5,15
cache,250,weak,16,0,30,122.628,0.0436,0.06916,0.88724,0.53392,0.07314,29,18,0.8275862068965517,0.1724137931034483,0.3793103448275862,4505,33.0,33.0,0,5,0,0,11,18,3,846,0.5,16
cache,250,medium,16,0,30,96.426,0.04449,0.02806,0.92745,0.60554,0.05521,29,12,0.9310344827586207,0.06896551724137931,0.5862068965517241,3005,33.0,33.0,0,2,0,0,17,12,3,858,0.5,16
cache,250,strong,16,0,30,82.005,0.04346,0.0,0.95654,0.6628,0.24469,29,17,0.8620689655172413,0.13793103448275862,0.41379310344827586,4256,33.0,33.0,0,4,0,0,12,17,6,875,0.5,16
cache,250,weak,17,0,30,127.677,0.01577,0.04239,0.94185,0.50351,0.09367,29,12,0.7931034482758621,0.20689655172413793,0.5862068965517241,3003,33.0,33.0,0,6,0,0,17,12,1,887,0.5,17
cache,250,medium,17,0,30,103.257,0.05433,0.0,0.94567,0.65154,0.33847,29,10,0.7931034482758621,0.20689655172413793,0.6551724137931034,2503,33.0,33.0,0,6,0,0,19,10,3,897,0.5,17
cache,250,strong,17,0,30,93.72,0.08099,0.0,0.91901,0.68934,0.37447,29,18,0.7241379310344828,0.27586206896551724,0.3793103448275862,4506,33.0,33.0,0,8,0,0,11,18,3,915,0.5,17
cache,250,weak,18,0,30,123.42,0.03235,0.00214,0.96551,0.63814,0.19242,29,12,0.896551724137931,0.10344827586206896,0.5862068965517241,3003,33.0,33.0,0,3,0,0,17,12,6,927,0.5,18
cache,250,medium,18,0,30,101.112,0.04275,0.0,0.95725,0.70029,0.40342,29,12,0.896551724137931,0.10344827586206896,0.5862068965517241,3002,33.0,33.0,0,3,0,0,17,12,5,939,0.5,18
cache,250,strong,18,0,30,89.166,0.06625,0.0,0.93375,0.70416,0.3568,29,13,0.896551724137931,0.10344827586206896,0.5517241379310345,3253,33.0,33.0,0,3,0,0,16,13,5,952,0.5,18
cache,250,weak,19,0,30,125.4,0.02789,0.12763,0.84447,0.55835,0.00529,29,12,0.8620689655172413,0.13793103448275862,0.5862068965517241,2999,33.0,33.0,0,4,0,0,17,12,5,964,0.5,19
cache,250,medium,19,0,30,101.64,0.06071,0.0,0.93929,0.6027,0.2892,29,13,0.8620689655172413,0.13793103448275862,0.5517241379310345,3255,33.0,33.0,0,4,0,0,16,13,4,977,0.5,19
cache,250,strong,19,0,30,85.14,0.12442,0.0,0.87558,0.69603,0.29935,29,17,0.8275862068965517,0.1724137931034483,0.41379310344827586,4250,33.0,33.0,0,5,0,0,12,17,6,994,0.5,19
cache,250,weak,20,0,30,123.849,0.02478,0.03251,0.94271,0.52278,0.09801,29,10,0.896551724137931,0.10344827586206896,0.6551724137931034,2501,33.0,33.0,0,3,0,0,19,10,4,1004,0.5,20
cache,250,medium,20,0,30,97.383,0.05557,0.04405,0.90037,0.64366,0.01963,29,17,0.8620689655172413,0.13793103448275862,0.41379310344827586,4251,33.0,33.0,0,4,0,0,12,17,3,1021,0.5,20
cache,250,strong,20,0,30,86.79,0.08935,0.0,0.91065,0.73059,0.38751,29,13,0.8620689655172413,0.13793103448275862,0.5517241379310345,3250,33.0,33.0,0,4,0,0,16,13,5,1034,0.5,20
cache,250,weak,21,0,30,123.486,0.03046,0.06253,0.907,0.48932,0.07954,29,12,0.8275862068965517,0.1724137931034483,0.5862068965517241,3002,33.0,33.0,0,5,0,0,17,12,5,1046,0.5,21
cache,250,medium,21,0,30,104.247,0.09338,0.02058,0.88604,0.60286,0.13174,29,11,0.8620689655172413,0.13793103448275862,0.6206896551724138,2751,33.0,33.0,0,4,0,0,18,11,5,1057,0.5,21
cache,250,strong,21,0,30,90.948,0.09615,0.0127,0.89115,0.6797,0.13701,29,13,0.8275862068965517,0.1724137931034483,0.5517241379310345,3252,33.0,33.0,0,5,0,0,16,13,4,1070,0.5,21
cache,250,weak,22,1,29,129.492,0.04842,0.02421,0.92737,0.66334,0.0,29,8,0.7931034482758621,0.20689655172413793,0.7241379310344828,2001,33.0,33.0,0,6,0,0,21,8,7,1078,0.5,22
cache,250,medium,22,0,30,101.178,0.07632,0.04207,0.8816,0.58469,0.14272,29,17,0.6551724137931034,0.3448275862068966,0.41379310344827586,4257,33.0,33.0,0,10,0,0,12,17,4,1095,0.5,22
cache,250,strong,22,0,30,82.83,0.10199,0.0,0.89801,0.70031,0.40655,29,12,0.6896551724137931,0.3103448275862069,0.5862068965517241,3000,33.0,33.0,0,9,0,0,17,12,5,1107,0.5,22
cache,250,weak,23,0,30,115.962,0.035,0.0,0.965,0.64501,0.28299,29,9,0.896551724137931,0.10344827586206896,0.6896551724137931,2252,33.0,33.0,0,3,0,0,20,9,4,1116,0.5,23
cache,250,medium,23,0,30,106.326,0.03352,0.0,0.96648,0.67853,0.44375,29,4,1.0,0.0,0.8620689655172413,1001,33.0,33.0,0,0,0,0,25,4,5,1120,0.5,23
cache,250,strong,23,0,30,85.272,0.03444,0.0,0.96556,0.63396,0.23284,29,7,0.9655172413793104,0.034482758620689655,0.7586206896551724,1752,33.0,33.0,0,1,0,0,22,7,7,1127,0.5,23
cache,250,weak,24,1,20,86.163,0.02566,0.02451,0.94983,0.59796,0.0,20,10,0.75,0.25,0.5,2500,33.0,33.0,0,5,0,0,10,10,2,1137,0.5,24
cache,250,medium,24,0,30,110.154,0.04314,0.0,0.95686,0.70968,0.41005,29,9,0.8275862068965517,0.1724137931034483,0.6896551724137931,2253,33.0,33.0,0,5,0,0,20,9,6,1146,0.5,24
cache,250,strong,24,0,30,89.859,0.07932,0.00477,0.9159,0.67072,0.18795,29,17,0.7241379310344828,0.27586206896551724,0.41379310344827586,4252,33.0,33.0,0,8,0,0,12,17,4,1163,0.5,24
cache,250,weak,25,0,30,118.998,0.02634,0.0,0.97366,0.67585,0.33847,29,8,0.8620689655172413,0.13793103448275862,0.7241379310344828,2002,33.0,33.0,0,4,0,0,21,8,4,1171,0.5,25
cache,250,medium,25,0,30,99.99,0.1033,0.00264,0.89406,0.7166,0.18913,29,11,0.8275862068965517,0.1724137931034483,0.6206896551724138,2751,33.0,33.0,0,5,0,0,18,11,4,1182,0.5,25
cache,250,strong,25,0,30,86.526,0.1373,0.0,0.8627,0.76105,0.45595,29,11,0.8275862068965517,0.1724137931034483,0.6206896551724138,2755,33.0,33.0,0,5,0,0,18,11,3,1193,0.5,25
cache,250,weak,26,0,30,125.961,0.03432,0.0,0.96568,0.57257,0.24175,29,8,0.8620689655172413,0.13793103448275862,0.7241379310344828,2000,33.0,33.0,0,4,0,0,21,8,3,1201,0.5,26
cache,250,medium,26,0,30,100.815,0.09722,0.0,0.90278,0.60647,0.23283,29,18,0.6896551724137931,0.3103448275862069,0.3793103448275862,4506,33.0,33.0,0,9,0,0,11,18,5,1219,0.5,26
cache,250,strong,26,0,30,85.833,0.0719,0.0,0.9281,0.69104,0.3275,29,17,0.6896551724137931,0.3103448275862069,0.41379310344827586,4255,33.0,33.0,0,9,0,0,12,17,1,1236,0.5,26
cache,250,weak,27,0,30,135.564,0.01485,0.0,0.98515,0.62946,0.34747,29,8,0.8620689655172413,0.13793103448275862,0.7241379310344828,2001,33.0,33.0,0,4,0,0,21,8,10,1244,0.5,27
cache,250,medium,27,0,30,102.003,0.03429,0.02329,0.94241,0.59896,0.06631,29,11,0.8275862068965517,0.1724137931034483,0.6206896551724138,2756,33.0,33.0,0,5,0,0,18,11,3,1255,0.5,27
cache,250,strong,27,0,30,86.097,0.08662,0.0,0.91338,0.64889,0.23225,29,10,0.8275862068965517,0.1724137931034483,0.6551724137931034,2500,33.0,33.0,0,5,0,0,19,10,6,1265,0.5,27
cache,250,weak,28,0,30,132.66,0.03433,0.0,0.96567,0.51876,0.2245,29,6,1.0,0.0,0.7931034482758621,1504,33.0,33.0,0,0,0,0,23,6,4,1271,0.5,28
cache,250,medium,28,0,30,103.257,0.03516,0.02589,0.93896,0.62834,0.15315,29,12,0.896551724137931,0.10344827586206896,0.5862068965517241,3001,33.0,33.0,0,3,0,0,17,12,1,1283,0.5,28
cache,250,strong,28,0,30,79.893,0.038,0.09252,0.86948,0.49509,0.00733,29,19,0.8620689655172413,0.13793103448275862,0.3448275862068966,4757,33.0,33.0,0,4,0,0,10,19,4,1302,0.5,28
cache,250,weak,29,1,10,45.375,0.13818,0.03782,0.824,0.67788,0.0,10,4,0.9,0.1,0.6,999,33.0,33.0,0,1,0,0,6,4,1,1306,0.5,29
cache,250,medium,29,1,6,31.647,0.16163,0.08029,0.75808,0.6677,0.0,6,0,1.0,0.0,1.0,0,33.0,33.0,0,0,0,0,6,0,2,1306,0.5,29
cache,250,strong,29,0,30,81.642,0.04446,0.05457,0.90097,0.65309,0.05149,29,16,0.8275862068965517,0.1724137931034483,0.4482758620689655,4006,33.0,33.0,0,5,0,0,13,16,3,1322,0.5,29
cache,250,weak,0,0,30,132.858,0.03751,0.0,0.96249,0.65951,0.27642,29,24,0.7241379310344828,0.27586206896551724,0.1724137931034483,6009,33.0,33.0,0,8,0,0,5,24,1,24,1.0,0
cache,250,medium,0,0,30,105.006,0.05185,0.02828,0.91986,0.61902,0.10944,29,26,0.7241379310344828,0.27586206896551724,0.10344827586206896,6502,33.0,33.0,0,8,0,0,3,26,2,50,1.0,0
cache,250,strong,0,0,30,88.836,0.06947,0.0,0.93053,0.68564,0.37879,29,23,0.7586206896551724,0.2413793103448276,0.20689655172413793,5758,33.0,33.0,0,7,0,0,6,23,5,73,1.0,0
cache,250,weak,1,0,30,127.149,0.06826,0.06878,0.86296,0.5375,0.136,29,21,0.6896551724137931,0.3103448275862069,0.27586206896551724,5255,33.0,33.0,0,9,0,0,8,21,1,94,1.0,1
cache,250,medium,1,0,30,102.531,0.0692,0.0,0.9308,0.60744,0.23396,29,20,0.6896551724137931,0.3103448275862069,0.3103448275862069,5006,33.0,33.0,0,9,0,0,9,20,3,114,1.0,1
cache,250,strong,1,0,30,89.298,0.11641,0.0,0.88359,0.71961,0.38771,29,19,0.7241379310344828,0.27586206896551724,0.3448275862068966,4757,33.0,33.0,0,8,0,0,10,19,5,133,1.0,1
cache,250,weak,2,0,30,134.013,0.03103,0.082,0.88697,0.53983,0.01756,29,14,0.7586206896551724,0.2413793103448276,0.5172413793103449,3503,33.0,33.0,0,7,0,0,15,14,8,147,1.0,2
cache,250,medium,2,0,30,109.494,0.04039,0.0,0.95961,0.63782,0.22903,29,12,0.8275862068965517,0.1724137931034483,0.5862068965517241,3003,33.0,33.0,0,5,0,0,17,12,11,159,1.0,2
cache,250,strong,2,0,30,89.265,0.06617,0.01035,0.92348,0.7041,0.16482,29,13,0.7931034482758621,0.20689655172413793,0.5517241379310345,3252,33.0,33.0,0,6,0,0,16,13,4,172,1.0,2
cache,250,weak,3,1,1,11.88,0.30833,0.19167,0.5,0.6213,0.0,1,1,1.0,0.0,0.0,250,33.0,33.0,0,0,0,0,0,1,0,173,1.0,3
cache,250,medium,3,0,30,106.722,0.04947,0.0,0.95053,0.62803,0.21335,29,9,0.9310344827586207,0.06896551724137931,0.6896551724137931,2252,33.0,33.0,0,2,0,0,20,9,6,182,1.0,3
cache,250,strong,3,0,30,88.902,0.09391,0.0,0.90609,0.73361,0.35725,29,14,0.8620689655172413,0.13793103448275862,0.5172413793103449,3503,33.0,33.0,0,4,0,0,15,14,0,196,1.0,3
cache,250,weak,4,1,9,43.725,0.15849,0.0634,0.77811,0.55906,0.0,9,4,0.8888888888888888,0.1111111111111111,0.5555555555555556,1000,33.0,33.0,0,1,0,0,5,4,3,200,1.0,4
cache,250,medium,4,1,14,53.724,0.17875,0.03378,0.78747,0.71477,0.0,14,8,0.8571428571428571,0.14285714285714285,0.42857142857142855,2000,33.0,33.0,0,2,0,0,6,8,2,208,1.0,4
cache,250,strong,4,0,30,86.229,0.06391,0.0,0.93609,0.65564,0.31607,29,13,0.8620689655172413,0.13793103448275862,0.5517241379310345,3253,33.0,33.0,0,4,0,0,16,13,7,221,1.0,4
cache,250,weak,5,0,30,125.367,0.02974,0.02053,0.94972,0.56937,0.11086,29,13,0.8620689655172413,0.13793103448275862,0.5517241379310345,3252,33.0,33.0,0,4,0,0,16,13,4,234,1.0,5
cache,250,medium,5,0,30,100.683,0.06719,0.0154,0.9174,0.63848,0.16894,29,9,0.896551724137931,0.10344827586206896,0.6896551724137931,2251,33.0,33.0,0,3,0,0,20,9,9,243,1.0,5
cache,250,strong,5,0,30,87.978,0.12416,0.01163,0.86422,0.69177,0.12877,29,12,0.8620689655172413,0.13793103448275862,0.5862068965517241,3007,33.0,33.0,0,4,0,0,17,12,6,255,1.0,5
cache,250,weak,6,0,30,128.007,0.03326,0.01676,0.94999,0.59134,0.14607,29,7,0.9655172413793104,0.034482758620689655,0.7586206896551724,1751,33.0,33.0,0,1,0,0,22,7,7,262,1.0,6
cache,250,medium,6,0,30,112.761,0.05297,0.00117,0.94586,0.62932,0.19753,29,7,0.9655172413793104,0.034482758620689655,0.7586206896551724,1750,33.0,33.0,0,1,0,0,22,7,12,269,1.0,6
cache,250,strong,6,0,30,86.922,0.07175,0.0,0.92825,0.69635,0.3513,29,11,0.8275862068965517,0.1724137931034483,0.6206896551724138,2752,33.0,33.0,0,5,0,0,18,11,5,280,1.0,6
cache,250,weak,7,0,30,132.198,0.04244,0.0322,0.92536,0.54872,0.03172,29,7,1.0,0.0,0.7586206896551724,1752,33.0,33.0,0,0,0,0,22,7,6,287,1.0,7
cache,250,medium,7,1,20,72.105,0.09062,0.01327,0.89611,0.65768,0.0,20,3,1.0,0.0,0.85,751,33.0,33.0,0,0,0,0,17,3,6,290,1.0,7
cache,250,strong,7,1,19,58.212,0.05669,0.03005,0.91327,0.59823,0.0,19,11,0.9473684210526315,0.05263157894736842,0.42105263157894735,2751,33.0,33.0,0,1,0,0,8,11,3,301,1.0,7
cache,250,weak,8,0,30,129.261,0.01915,0.0,0.98085,0.59096,0.33555,29,5,0.9655172413793104,0.034482758620689655,0.8275862068965517,1251,33.0,33.0,0,1,0,0,24,5,8,306,1.0,8
cache,250,medium,8,0,30,110.649,0.08142,0.0,0.91858,0.71558,0.3811,29,7,0.9655172413793104,0.034482758620689655,0.7586206896551724,1751,33.0,33.0,0,1,0,0,22,7,9,313,1.0,8
cache,250,strong,8,0,30,85.536,0.10031,0.0,0.89969,0.65327,0.33081,29,16,0.7931034482758621,0.20689655172413793,0.4482758620689655,4001,33.0,33.0,0,6,0,0,13,16,6,329,1.0,8
cache,250,weak,9,0,30,129.492,0.04358,0.0,0.95642,0.62706,0.33682,29,4,0.9655172413793104,0.034482758620689655,0.8620689655172413,1001,33.0,33.0,0,1,0,0,25,4,6,333,1.0,9
cache,250,medium,9,0,30,102.036,0.08603,0.0,0.91397,0.67379,0.37017,29,5,0.9310344827586207,0.06896551724137931,0.8275862068965517,1250,33.0,33.0,0,2,0,0,24,5,8,338,1.0,9
cache,250,strong,9,0,30,82.467,0.07163,0.0092,0.91917,0.70023,0.14308,29,12,0.8620689655172413,0.13793103448275862,0.5862068965517241,3001,33.0,33.0,0,4,0,0,17,12,6,350,1.0,9
cache,250,weak,10,0,30,124.542,0.0265,0.00397,0.96953,0.63577,0.17943,29,2,1.0,0.0,0.9310344827586207,500,33.0,33.0,0,0,0,0,27,2,15,352,1.0,10
cache,250,medium,10,0,30,109.164,0.04958,0.0,0.95042,0.65872,0.25479,29,3,1.0,0.0,0.896551724137931,750,33.0,33.0,0,0,0,0,26,3,11,355,1.0,10
cache,250,strong,10,0,30,90.024,0.05975,0.02676,0.91349,0.60255,0.13507,29,8,0.896551724137931,0.10344827586206896,0.7241379310344828,2002,33.0,33.0,0,3,0,0,21,8,8,363,1.0,10
cache,250,weak,11,1,3,17.226,0.1954,0.09579,0.70881,0.70548,0.0,3,0,1.0,0.0,1.0,0,33.0,33.0,0,0,0,0,3,0,2,363,1.0,11
cache,250,medium,11,1,3,14.223,0.51972,0.09281,0.38747,0.75891,0.0,3,1,1.0,0.0,0.6666666666666666,250,33.0,33.0,0,0,0,0,2,1,1,364,1.0,11
cache,250,strong,11,0,30,91.773,0.13664,0.0,0.86336,0.69476,0.21235,29,12,0.896551724137931,0.10344827586206896,0.5862068965517241,3003,33.0,33.0,0,3,0,0,17,12,7,376,1.0,11
cache,250,weak,12,0,30,120.087,0.04149,0.01924,0.93927,0.62157,0.12543,29,2,1.0,0.0,0.9310344827586207,500,33.0,33.0,0,0,0,0,27,2,9,378,1.0,12
cache,250,medium,12,1,10,37.983,0.09209,0.02172,0.88619,0.72979,0.0,10,2,1.0,0.0,0.8,500,33.0,33.0,0,0,0,0,8,2,1,380,1.0,12
cache,250,strong,12,0,30,84.975,0.0365,0.0,0.9635,0.67659,0.34153,29,7,0.9655172413793104,0.034482758620689655,0.7586206896551724,1752,33.0,33.0,0,1,0,0,22,7,11,387,1.0,12
cache,250,weak,13,1,24,93.456,0.0339,0.00847,0.95763,0.60541,0.0,24,4,0.9583333333333334,0.041666666666666664,0.8333333333333334,1000,33.0,33.0,0,1,0,0,20,4,6,391,1.0,13
cache,250,medium,13,1,24,83.985,0.09116,0.02829,0.88055,0.65826,0.0,24,7,0.9166666666666666,0.08333333333333333,0.7083333333333334,1751,33.0,33.0,0,2,0,0,17,7,7,398,1.0,13
cache,250,strong,13,1,20,59.796,0.10982,0.01435,0.87583,0.72435,0.0,20,7,0.9,0.1,0.65,1752,33.0,33.0,0,2,0,0,13,7,7,405,1.0,13
cache,250,weak,14,1,3,21.714,0.09271,0.10334,0.80395,0.65985,0.0,3,1,1.0,0.0,0.6666666666666666,250,33.0,33.0,0,0,0,0,2,1,0,406,1.0,14
cache,250,medium,14,1,12,40.854,0.11712,0.04847,0.83441,0.61589,0.0,12,3,0.9166666666666666,0.08333333333333333,0.75,750,33.0,33.0,0,1,0,0,9,3,5,409,1.0,14
cache,250,strong,14,0,30,88.308,0.0994,0.01831,0.88229,0.69129,0.13795,29,9,0.9310344827586207,0.06896551724137931,0.6896551724137931,2252,33.0,33.0,0,2,0,0,20,9,9,418,1.0,14
cache,250,weak,15,0,30,137.643,0.01462,0.0,0.98538,0.62128,0.27985,29,3,0.9310344827586207,0.06896551724137931,0.896551724137931,751,33.0,33.0,0,2,0,0,26,3,9,421,1.0,15
cache,250,medium,15,0,30,105.039,0.05058,0.0,0.94942,0.65513,0.23584,29,2,0.9310344827586207,0.06896551724137931,0.9310344827586207,500,33.0,33.0,0,2,0,0,27,2,14,423,1.0,15
cache,250,strong,15,0,30,82.104,0.08561,0.00804,0.90635,0.64541,0.17204,29,6,0.8620689655172413,0.13793103448275862,0.7931034482758621,1500,33.0,33.0,0,4,0,0,23,6,13,429,1.0,15
cache,250,weak,16,1,24,97.845,0.06509,0.00843,0.92648,0.64668,0.0,24,2,1.0,0.0,0.9166666666666666,501,33.0,33.0,0,0,0,0,22,2,11,431,1.0,16
cache,250,medium,16,0,30,106.359,0.05244,0.0,0.94756,0.69109,0.34187,29,2,1.0,0.0,0.9310344827586207,500,33.0,33.0,0,0,0,0,27,2,10,433,1.0,16
cache,250,strong,16,0,30,82.368,0.04327,0.0,0.95673,0.65168,0.27074,29,7,0.9310344827586207,0.06896551724137931,0.7586206896551724,1750,33.0,33.0,0,2,0,0,22,7,9,440,1.0,16
cache,250,weak,17,1,12,61.842,0.03255,0.01868,0.94877,0.64846,0.0,12,0,1.0,0.0,1.0,0,33.0,33.0,0,0,0,0,12,0,4,440,1.0,17
cache,250,medium,17,0,30,102.894,0.04298,0.02758,0.92944,0.64507,0.12529,29,5,0.9310344827586207,0.06896551724137931,0.8275862068965517,1250,33.0,33.0,0,2,0,0,24,5,13,445,1.0,17
cache,250,strong,17,0,30,91.905,0.12388,0.0,0.87612,0.74898,0.37708,29,9,0.8275862068965517,0.1724137931034483,0.6896551724137931,2253,33.0,33.0,0,5,0,0,20,9,6,454,1.0,17
cache,250,weak,18,1,18,81.378,0.06245,0.01663,0.92092,0.69894,0.0,18,0,1.0,0.0,1.0,0,33.0,33.0,0,0,0,0,18,0,8,454,1.0,18
cache,250,medium,18,0,30,101.937,0.05601,0.0,0.94399,0.67098,0.29335,29,0,1.0,0.0,1.0,0,33.0,33.0,0,0,0,0,29,0,14,454,1.0,18
cache,250,strong,18,0,30,84.117,0.04276,0.0,0.95724,0.66897,0.32668,29,3,1.0,0.0,0.896551724137931,750,33.0,33.0,0,0,0,0,26,3,12,457,1.0,18
cache,250,weak,19,0,30,123.882,0.0658,0.0,0.9342,0.69945,0.37477,29,5,0.9655172413793104,0.034482758620689655,0.8275862068965517,1250,33.0,33.0,0,1,0,0,24,5,12,462,1.0,19
cache,250,medium,19,0,30,100.65,0.06131,0.0,0.93869,0.61694,0.2892,29,2,0.9655172413793104,0.034482758620689655,0.9310344827586207,501,33.0,33.0,0,1,0,0,27,2,6,464,1.0,19
cache,250,strong,19,0,30,81.081,0.10012,0.0,0.89988,0.64526,0.33219,29,6,0.9655172413793104,0.034482758620689655,0.7931034482758621,1501,33.0,33.0,0,1,0,0,23,6,13,470,1.0,19
cache,250,weak,20,0,30,126.027,0.02461,0.02802,0.94737,0.58327,0.10114,29,3,1.0,0.0,0.896551724137931,751,33.0,33.0,0,0,0,0,26,3,10,473,1.0,20
cache,250,medium,20,0,30,100.155,0.03097,0.0,0.96903,0.65502,0.29892,29,3,1.0,0.0,0.896551724137931,751,33.0,33.0,0,0,0,0,26,3,10,476,1.0,20
cache,250,strong,20,0,30,83.82,0.07402,0.0,0.92598,0.70904,0.43792,29,5,0.9655172413793104,0.034482758620689655,0.8275862068965517,1252,33.0,33.0,0,1,0,0,24,5,10,481,1.0,20
cache,250,weak,21,1,5,33.264,0.11508,0.08631,0.79861,0.58176,0.0,5,1,1.0,0.0,0.8,250,33.0,33.0,0,0,0,0,4,1,2,482,1.0,21
cache,250,medium,21,0,30,101.475,0.09593,0.0,0.90407,0.71724,0.35587,29,2,0.9655172413793104,0.034482758620689655,0.9310344827586207,500,33.0,33.0,0,1,0,0,27,2,17,484,1.0,21
cache,250,strong,21,0,30,84.777,0.07668,0.0,0.92332,0.71159,0.44376,29,3,0.9655172413793104,0.034482758620689655,0.896551724137931,751,33.0,33.0,0,1,0,0,26,3,15,487,1.0,21
cache,250,weak,22,0,30,127.149,0.02595,0.0,0.97405,0.5881,0.22456,29,3,0.9310344827586207,0.06896551724137931,0.896551724137931,752,33.0,33.0,0,2,0,0,26,3,8,490,1.0,22
cache,250,medium,22,0,30,99.627,0.07254,0.0,0.92746,0.69338,0.34993,29,3,0.9310344827586207,0.06896551724137931,0.896551724137931,750,33.0,33.0,0,2,0,0,26,3,11,493,1.0,22
cache,250,strong,22,0,30,82.929,0.11341,0.0,0.88659,0.68945,0.27734,29,9,0.7586206896551724,0.2413793103448276,0.6896551724137931,2253,33.0,33.0,0,7,0,0,20,9,9,502,1.0,22
cache,250,weak,23,0,30,124.047,0.04363,0.00426,0.95211,0.64839,0.16715,29,2,1.0,0.0,0.9310344827586207,502,33.0,33.0,0,0,0,0,27,2,18,504,1.0,23
cache,250,medium,23,0,30,100.122,0.0356,0.0,0.9644,0.66271,0.30202,29,1,1.0,0.0,0.9655172413793104,251,33.0,33.0,0,0,0,0,28,1,13,505,1.0,23
cache,250,strong,23,0,30,82.896,0.03543,0.0,0.96457,0.63483,0.32339,29,8,0.9310344827586207,0.06896551724137931,0.7241379310344828,2003,33.0,33.0,0,2,0,0,21,8,11,513,1.0,23
cache,250,weak,24,0,30,131.802,0.02629,0.0,0.97371,0.62187,0.29019,29,1,0.9655172413793104,0.034482758620689655,0.9655172413793104,251,33.0,33.0,0,1,0,0,28,1,6,514,1.0,24
cache,250,medium,24,1,21,79.068,0.09516,0.02546,0.87938,0.72784,0.0,21,1,0.9523809523809523,0.047619047619047616,0.9523809523809523,250,33.0,33.0,0,1,0,0,20,1,12,515,1.0,24
cache,250,strong,24,0,30,90.849,0.04323,0.0,0.95677,0.6848,0.3008,29,4,0.9310344827586207,0.06896551724137931,0.8620689655172413,1000,33.0,33.0,0,2,0,0,25,4,9,519,1.0,24
cache,250,weak,25,0,30,120.78,0.02732,0.01421,0.95847,0.59718,0.14544,29,1,1.0,0.0,0.9655172413793104,250,33.0,33.0,0,0,0,0,28,1,8,520,1.0,25
cache,250,medium,25,0,30,105.963,0.07817,0.0,0.92183,0.72654,0.3351,29,1,1.0,0.0,0.9655172413793104,250,33.0,33.0,0,0,0,0,28,1,11,521,1.0,25
cache,250,strong,25,0,30,81.081,0.14937,0.0,0.85063,0.71556,0.21475,29,6,0.9310344827586207,0.06896551724137931,0.7931034482758621,1502,33.0,33.0,0,2,0,0,23,6,14,527,1.0,25
cache,250,weak,26,1,13,61.578,0.06806,0.0552,0.87674,0.47282,0.0,13,1,0.9230769230769231,0.07692307692307693,0.9230769230769231,250,33.0,33.0,0,1,0,0,12,1,3,528,1.0,26
cache,250,medium,26,1,8,34.254,0.14162,0.04913,0.80925,0.62807,0.0,8,2,0.875,0.125,0.75,500,33.0,33.0,0,1,0,0,6,2,2,530,1.0,26
cache,250,strong,26,0,30,82.533,0.05998,0.01919,0.92083,0.58336,0.06387,29,9,0.8275862068965517,0.1724137931034483,0.6896551724137931,2251,33.0,33.0,0,5,0,0,20,9,11,539,1.0,26
cache,250,weak,27,0,30,132.132,0.01523,0.0,0.98477,0.56452,0.27108,29,4,0.896551724137931,0.10344827586206896,0.8620689655172413,1001,33.0,33.0,0,3,0,0,25,4,11,543,1.0,27
cache,250,medium,27,0,30,104.577,0.03345,0.0,0.96655,0.65079,0.28374,29,2,0.9655172413793104,0.034482758620689655,0.9310344827586207,500,33.0,33.0,0,1,0,0,27,2,12,545,1.0,27
cache,250,strong,27,0,30,86.823,0.05587,0.0,0.94413,0.70875,0.27733,29,2,0.9655172413793104,0.034482758620689655,0.9310344827586207,501,33.0,33.0,0,1,0,0,27,2,15,547,1.0,27
cache,250,weak,28,1,19,84.513,0.05818,0.0082,0.93362,0.59634,0.0,19,1,1.0,0.0,0.9473684210526315,251,33.0,33.0,0,0,0,0,18,1,5,548,1.0,28
cache,250,medium,28,0,30,98.835,0.03673,0.00134,0.96194,0.59902,0.19842,29,2,1.0,0.0,0.9310344827586207,502,33.0,33.0,0,0,0,0,27,2,11,550,1.0,28
cache,250,strong,28,0,30,80.619,0.03766,0.06058,0.90176,0.57305,0.01756,29,12,0.896551724137931,0.10344827586206896,0.5862068965517241,3002,33.0,33.0,0,3,0,0,17,12,11,562,1.0,28
cache,250,weak,29,0,30,123.024,0.02602,0.0,0.97398,0.6115,0.32014,29,1,1.0,0.0,0.9655172413793104,250,33.0,33.0,0,0,0,0,28,1,8,563,1.0,29
cache,250,medium,29,0,30,108.075,0.07115,0.01435,0.9145,0.66483,0.16666,29,3,0.9655172413793104,0.034482758620689655,0.896551724137931,750,33.0,33.0,0,1,0,0,26,3,12,566,1.0,29
cache,250,strong,29,0,30,82.797,0.04384,0.04065,0.9155,0.65492,0.04258,29,4,0.9655172413793104,0.034482758620689655,0.8620689655172413,1000,33.0,33.0,0,1,0,0,25,4,9,570,1.0,29
cache,250,weak,0,0,30,126.159,0.05807,0.04447,0.89746,0.58903,0.0274,29,18,0.8275862068965517,0.1724137931034483,0.3793103448275862,4504,33.0,33.0,0,5,0,0,11,18,7,18,2.0,0
cache,250,medium,0,0,30,110.583,0.0752,0.0,0.9248,0.63536,0.24184,29,16,0.8275862068965517,0.1724137931034483,0.4482758620689655,3999,33.0,33.0,0,5,0,0,13,16,7,34,2.0,0
cache,250,strong,0,0,30,86.988,0.08574,0.03149,0.88278,0.65761,0.10196,29,21,0.7931034482758621,0.20689655172413793,0.27586206896551724,5256,33.0,33.0,0,6,0,0,8,21,5,55,2.0,0
cache,250,weak,1,0,30,118.635,0.05897,0.01864,0.92239,0.60094,0.15041,29,8,0.8620689655172413,0.13793103448275862,0.7241379310344828,2002,33.0,33.0,0,4,0,0,21,8,15,63,2.0,1
cache,250,medium,1,0,30,102.234,0.09393,0.0,0.90607,0.58662,0.2092,29,7,0.8620689655172413,0.13793103448275862,0.7586206896551724,1752,33.0,33.0,0,4,0,0,22,7,13,70,2.0,1
cache,250,strong,1,0,30,82.566,0.07514,0.0,0.92486,0.66322,0.39302,29,11,0.8275862068965517,0.1724137931034483,0.6206896551724138,2751,33.0,33.0,0,5,0,0,18,11,14,81,2.0,1
cache,250,weak,2,1,19,91.839,0.04527,0.02767,0.92706,0.52287,0.0,19,4,0.8421052631578947,0.15789473684210525,0.7894736842105263,1002,33.0,33.0,0,3,0,0,15,4,7,85,2.0,2
cache,250,medium,2,0,30,105.237,0.08247,0.0116,0.90593,0.64739,0.16482,29,6,0.8620689655172413,0.13793103448275862,0.7931034482758621,1503,33.0,33.0,0,4,0,0,23,6,10,91,2.0,2
cache,250,strong,2,0,30,83.292,0.12044,0.01585,0.86371,0.67906,0.06846,29,11,0.8620689655172413,0.13793103448275862,0.6206896551724138,2755,33.0,33.0,0,4,0,0,18,11,14,102,2.0,2
cache,250,weak,3,0,30,126.159,0.02982,0.01439,0.95579,0.57854,0.12519,29,2,1.0,0.0,0.9310344827586207,500,33.0,33.0,0,0,0,0,27,2,13,104,2.0,3
cache,250,medium,3,1,9,41.316,0.09585,0.0647,0.83946,0.50855,0.0,9,1,1.0,0.0,0.8888888888888888,250,33.0,33.0,0,0,0,0,8,1,2,105,2.0,3
cache,250,strong,3,0,30,88.242,0.06432,0.0,0.93568,0.69377,0.36895,29,5,0.9655172413793104,0.034482758620689655,0.8275862068965517,1251,33.0,33.0,0,1,0,0,24,5,14,110,2.0,3
cache,250,weak,4,1,9,41.547,0.19619,0.04051,0.7633,0.65412,0.0,9,2,1.0,0.0,0.7777777777777778,500,33.0,33.0,0,0,0,0,7,2,4,112,2.0,4
cache,250,medium,4,0,30,101.178,0.08023,0.08708,0.83268,0.52613,0.02952,29,6,0.9655172413793104,0.034482758620689655,0.7931034482758621,1502,33.0,33.0,0,1,0,0,23,6,10,118,2.0,4
cache,250,strong,4,0,30,83.523,0.09403,0.10115,0.80482,0.59452,0.00427,29,6,0.9655172413793104,0.034482758620689655,0.7931034482758621,1503,33.0,33.0,0,1,0,0,23,6,13,124,2.0,4
cache,250,weak,5,0,30,124.212,0.0255,0.00824,0.96626,0.52762,0.17121,29,2,0.9655172413793104,0.034482758620689655,0.9310344827586207,502,33.0,33.0,0,1,0,0,27,2,10,126,2.0,5
cache,250,medium,5,1,13,48.081,0.07275,0.02883,0.89842,0.56413,0.0,13,1,0.9230769230769231,0.07692307692307693,0.9230769230769231,250,33.0,33.0,0,1,0,0,12,1,8,127,2.0,5
cache,250,strong,5,1,7,23.199,0.3542,0.03129,0.61451,0.77573,0.0,7,3,0.8571428571428571,0.14285714285714285,0.5714285714285714,752,33.0,33.0,0,1,0,0,4,3,2,130,2.0,5
cache,250,weak,6,1,15,73.227,0.05813,0.04867,0.8932,0.66569,0.0,15,0,1.0,0.0,1.0,0,33.0,33.0,0,0,0,0,15,0,9,130,2.0,6
cache,250,medium,6,0,30,109.428,0.05398,0.03559,0.91043,0.58821,0.09601,29,3,1.0,0.0,0.896551724137931,751,33.0,33.0,0,0,0,0,26,3,15,133,2.0,6
cache,250,strong,6,0,30,83.391,0.07321,0.0,0.92679,0.71169,0.45739,29,5,0.9655172413793104,0.034482758620689655,0.8275862068965517,1252,33.0,33.0,0,1,0,0,24,5,17,138,2.0,6
cache,250,weak,7,0,30,132.759,0.04698,0.02013,0.93289,0.55063,0.06339,29,0,1.0,0.0,1.0,0,33.0,33.0,0,0,0,0,29,0,14,138,2.0,7
cache,250,medium,7,0,30,102.399,0.10248,0.01676,0.88076,0.64573,0.1475,29,4,1.0,0.0,0.8620689655172413,1001,33.0,33.0,0,0,0,0,25,4,16,142,2.0,7
cache,250,strong,7,1,18,55.44,0.13036,0.04643,0.82321,0.63897,0.0,18,6,1.0,0.0,0.6666666666666666,1501,33.0,33.0,0,0,0,0,12,6,9,148,2.0,7
cache,250,weak,8,0,30,128.337,0.01929,0.0,0.98071,0.58443,0.27703,29,1,1.0,0.0,0.9655172413793104,250,33.0,33.0,0,0,0,0,28,1,10,149,2.0,8
cache,250,medium,8,0,30,109.494,0.0859,0.0,0.9141,0.72511,0.33361,29,2,1.0,0.0,0.9310344827586207,501,33.0,33.0,0,0,0,0,27,2,16,151,2.0,8
cache,250,strong,8,0,30,88.605,0.06816,0.0,0.93184,0.68868,0.22749,29,2,1.0,0.0,0.9310344827586207,501,33.0,33.0,0,0,0,0,27,2,17,153,2.0,8
cache,250,weak,9,0,30,130.482,0.04173,0.0,0.95827,0.66076,0.24198,29,0,1.0,0.0,1.0,0,33.0,33.0,0,0,0,0,29,0,17,153,2.0,9
cache,250,medium,9,1,24,80.025,0.13278,0.06722,0.8,0.65942,0.0,24,1,1.0,0.0,0.9583333333333334,249,33.0,33.0,0,0,0,0,23,1,17,154,2.0,9
cache,250,strong,9,0,30,83.919,0.07039,0.0,0.92961,0.65869,0.34039,29,3,1.0,0.0,0.896551724137931,750,33.0,33.0,0,0,0,0,26,3,14,157,2.0,9
cache,250,weak,10,0,30,123.585,0.02644,0.02483,0.94873,0.49372,0.11797,29,1,1.0,0.0,0.9655172413793104,250,33.0,33.0,0,0,0,0,28,1,8,158,2.0,10
cache,250,medium,10,0,30,105.204,0.09755,0.05615,0.8463,0.60684,0.06397,29,3,1.0,0.0,0.896551724137931,752,33.0,33.0,0,0,0,0,26,3,15,161,2.0,10
cache,250,strong,10,0,30,85.536,0.08912,0.0544,0.85648,0.65776,0.04396,29,4,1.0,0.0,0.8620689655172413,1001,33.0,33.0,0,0,0,0,25,4,11,165,2.0,10
cache,250,weak,11,1,3,22.968,0.13649,0.17241,0.69109,0.60187,0.0,3,0,1.0,0.0,1.0,0,33.0,33.0,0,0,0,0,3,0,2,165,2.0,11
cache,250,medium,11,1,3,14.223,0.51972,0.09281,0.38747,0.75891,0.0,3,1,1.0,0.0,0.6666666666666666,250,33.0,33.0,0,0,0,0,2,1,1,166,2.0,11
cache,250,strong,11,1,3,13.068,0.56818,0.07576,0.35606,0.79753,0.0,3,1,1.0,0.0,0.6666666666666666,250,33.0,33.0,0,0,0,0,2,1,0,167,2.0,11
cache,250,weak,12,1,12,54.285,0.07234,0.01581,0.91185,0.71607,0.0,12,2,1.0,0.0,0.8333333333333334,500,33.0,33.0,0,0,0,0,10,2,5,169,2.0,12
cache,250,medium,12,0,30,96.096,0.04945,0.0,0.95055,0.64101,0.20374,29,0,1.0,0.0,1.0,0,33.0,33.0,0,0,0,0,29,0,17,169,2.0,12
cache,250,strong,12,0,30,86.097,0.06363,0.0,0.93637,0.70436,0.46215,29,4,1.0,0.0,0.8620689655172413,1001,33.0,33.0,0,0,0,0,25,4,18,173,2.0,12
cache,250,weak,13,1,19,75.669,0.05539,0.02922,0.91539,0.66179,0.0,19,0,1.0,0.0,1.0,0,33.0,33.0,0,0,0,0,19,0,12,173,2.0,13
cache,250,medium,13,0,30,104.412,0.05405,0.0,0.94595,0.72835,0.50488,29,0,1.0,0.0,1.0,0,33.0,33.0,0,0,0,0,29,0,20,173,2.0,13
cache,250,strong,13,0,30,81.939,0.10391,0.00765,0.88844,0.6572,0.16254,29,3,0.9655172413793104,0.034482758620689655,0.896551724137931,751,33.0,33.0,0,1,0,0,26,3,13,176,2.0,13
cache,250,weak,14,0,30,129.261,0.02425,0.02808,0.94766,0.59631,0.08397,29,1,1.0,0.0,0.9655172413793104,250,33.0,33.0,0,0,0,0,28,1,10,177,2.0,14
cache,250,medium,14,0,30,98.043,0.05217,0.02861,0.91922,0.54908,0.1314,29,1,1.0,0.0,0.9655172413793104,250,33.0,33.0,0,0,0,0,28,1,17,178,2.0,14
cache,250,strong,14,0,30,88.836,0.05944,0.0,0.94056,0.70281,0.37429,29,1,1.0,0.0,0.9655172413793104,250,33.0,33.0,0,0,0,0,28,1,18,179,2.0,14
cache,250,weak,15,0,30,133.749,0.01505,0.0,0.98495,0.62303,0.34814,29,0,1.0,0.0,1.0,0,33.0,33.0,0,0,0,0,29,0,12,179,2.0,15
cache,250,medium,15,0,30,104.511,0.02937,0.0,0.97063,0.66065,0.26279,29,0,1.0,0.0,1.0,0,33.0,33.0,0,0,0,0,29,0,18,179,2.0,15
cache,250,strong,15,0,30,87.714,0.09744,0.0,0.90256,0.7211,0.20395,29,1,0.9655172413793104,0.034482758620689655,0.9655172413793104,250,33.0,33.0,0,1,0,0,28,1,18,180,2.0,15
cache,250,weak,16,1,8,43.626,0.12103,0.08548,0.79349,0.57968,0.0,8,0,1.0,0.0,1.0,0,33.0,33.0,0,0,0,0,8,0,4,180,2.0,16
cache,250,medium,16,1,23,82.863,0.06531,0.01115,0.92354,0.61791,0.0,23,2,1.0,0.0,0.9130434782608695,500,33.0,33.0,0,0,0,0,21,2,14,182,2.0,16
cache,250,strong,16,0,30,87.912,0.06644,0.0,0.93356,0.71131,0.3031,29,1,1.0,0.0,0.9655172413793104,250,33.0,33.0,0,0,0,0,28,1,18,183,2.0,16
cache,250,weak,17,1,11,59.565,0.05208,0.02936,0.91856,0.68138,0.0,11,0,1.0,0.0,1.0,0,33.0,33.0,0,0,0,0,11,0,5,183,2.0,17
cache,250,medium,17,0,30,108.207,0.04117,0.0552,0.90363,0.61801,0.01054,29,1,1.0,0.0,0.9655172413793104,251,33.0,33.0,0,0,0,0,28,1,14,184,2.0,17
cache,250,strong,17,0,30,94.017,0.10811,0.0,0.89189,0.69672,0.3583,29,0,1.0,0.0,1.0,0,33.0,33.0,0,0,0,0,29,0,14,184,2.0,17
cache,250,weak,18,0,30,133.419,0.04897,0.06851,0.88251,0.56843,0.0271,29,1,1.0,0.0,0.9655172413793104,251,33.0,33.0,0,0,0,0,28,1,14,185,2.0,18
cache,250,medium,18,0,30,106.557,0.05791,0.03716,0.90492,0.64307,0.04338,29,1,1.0,0.0,0.9655172413793104,251,33.0,33.0,0,0,0,0,28,1,16,186,2.0,18
cache,250,strong,18,1,15,48.345,0.0744,0.04164,0.88396,0.60531,0.0,15,1,1.0,0.0,0.9333333333333333,250,33.0,33.0,0,0,0,0,14,1,8,187,2.0,18
cache,250,weak,19,0,30,132.825,0.04845,0.0,0.95155,0.6495,0.25578,29,1,0.9655172413793104,0.034482758620689655,0.9655172413793104,251,33.0,33.0,0,1,0,0,28,1,13,188,2.0,19
cache,250,medium,19,0,30,103.356,0.0712,0.0,0.9288,0.66234,0.2892,29,1,0.9655172413793104,0.034482758620689655,0.9655172413793104,251,33.0,33.0,0,1,0,0,28,1,14,189,2.0,19
cache,250,strong,19,0,30,85.8,0.09654,0.0,0.90346,0.69629,0.34768,29,2,0.9655172413793104,0.034482758620689655,0.9310344827586207,500,33.0,33.0,0,1,0,0,27,2,17,191,2.0,19
cache,250,weak,20,0,30,126.786,0.02447,0.00911,0.96642,0.58367,0.17593,29,0,1.0,0.0,1.0,0,33.0,33.0,0,0,0,0,29,0,14,191,2.0,20
cache,250,medium,20,0,30,100.386,0.05194,0.0,0.94806,0.62731,0.24615,29,0,1.0,0.0,1.0,0,33.0,33.0,0,0,0,0,29,0,15,191,2.0,20
cache,250,strong,20,0,30,82.929,0.0971,0.04178,0.86112,0.68004,0.02845,29,3,1.0,0.0,0.896551724137931,751,33.0,33.0,0,0,0,0,26,3,15,194,2.0,20
cache,250,weak,21,0,30,126.357,0.03108,0.02115,0.94777,0.57557,0.14717,29,0,1.0,0.0,1.0,0,33.0,33.0,0,0,0,0,29,0,12,194,2.0,21
cache,250,medium,21,0,30,102.498,0.10303,0.0,0.89697,0.71838,0.39442,29,0,1.0,0.0,1.0,0,33.0,33.0,0,0,0,0,29,0,18,194,2.0,21
cache,250,strong,21,0,30,84.777,0.08914,0.0,0.91086,0.69318,0.37458,29,4,0.9310344827586207,0.06896551724137931,0.8620689655172413,1001,33.0,33.0,0,2,0,0,25,4,18,198,2.0,21
cache,250,weak,22,1,23,96.822,0.02079,0.015,0.96421,0.70667,0.0,23,0,1.0,0.0,1.0,0,33.0,33.0,0,0,0,0,23,0,11,198,2.0,22
cache,250,medium,22,1,20,75.141,0.11989,0.01625,0.86386,0.68096,0.0,20,1,1.0,0.0,0.95,250,33.0,33.0,0,0,0,0,19,1,14,199,2.0,22
cache,250,strong,22,0,30,81.411,0.07702,0.0,0.92298,0.7232,0.34189,29,1,1.0,0.0,0.9655172413793104,251,33.0,33.0,0,0,0,0,28,1,23,200,2.0,22
cache,250,weak,23,0,30,130.68,0.03914,0.0,0.96086,0.63307,0.37236,29,0,1.0,0.0,1.0,0,33.0,33.0,0,0,0,0,29,0,13,200,2.0,23
cache,250,medium,23,0,30,106.524,0.03346,0.0,0.96654,0.59678,0.28537,29,0,1.0,0.0,1.0,0,33.0,33.0,0,0,0,0,29,0,19,200,2.0,23
cache,250,strong,23,0,30,81.411,0.03608,0.0,0.96392,0.65873,0.36844,29,2,1.0,0.0,0.9310344827586207,500,33.0,33.0,0,0,0,0,27,2,20,202,2.0,23
cache,250,weak,24,0,30,131.934,0.03577,0.01301,0.95123,0.5944,0.15457,29,2,0.9655172413793104,0.034482758620689655,0.9310344827586207,501,33.0,33.0,0,1,0,0,27,2,14,204,2.0,24
cache,250,medium,24,0,30,110.22,0.08593,0.0,0.91407,0.72252,0.43669,29,1,0.9655172413793104,0.034482758620689655,0.9655172413793104,250,33.0,33.0,0,1,0,0,28,1,16,205,2.0,24
cache,250,strong,24,0,30,93.951,0.0418,0.0,0.9582,0.65186,0.3449,29,0,1.0,0.0,1.0,0,33.0,33.0,0,0,0,0,29,0,18,205,2.0,24
cache,250,weak,25,0,30,122.496,0.02505,0.0,0.97495,0.65667,0.38082,29,0,1.0,0.0,1.0,0,33.0,33.0,0,0,0,0,29,0,15,205,2.0,25
cache,250,medium,25,1,17,66.033,0.04748,0.03298,0.91954,0.67662,0.0,17,1,1.0,0.0,0.9411764705882353,250,33.0,33.0,0,0,0,0,16,1,10,206,2.0,25
cache,250,strong,25,0,30,86.889,0.15534,0.0,0.84466,0.69631,0.2582,29,1,1.0,0.0,0.9655172413793104,250,33.0,33.0,0,0,0,0,28,1,20,207,2.0,25
cache,250,weak,26,0,30,130.845,0.0348,0.00227,0.96293,0.6378,0.19053,29,1,0.9655172413793104,0.034482758620689655,0.9655172413793104,250,33.0,33.0,0,1,0,0,28,1,9,208,2.0,26
cache,250,medium,26,0,30,109.659,0.04424,0.0,0.95576,0.58079,0.25494,29,1,0.9655172413793104,0.034482758620689655,0.9655172413793104,250,33.0,33.0,0,1,0,0,28,1,14,209,2.0,26
cache,250,strong,26,0,30,83.391,0.08548,0.00396,0.91057,0.68503,0.18049,29,2,0.9655172413793104,0.034482758620689655,0.9310344827586207,500,33.0,33.0,0,1,0,0,27,2,17,211,2.0,26
cache,250,weak,27,0,30,134.409,0.03437,0.02774,0.93788,0.599,0.08084,29,1,0.9655172413793104,0.034482758620689655,0.9655172413793104,251,33.0,33.0,0,1,0,0,28,1,11,212,2.0,27
cache,250,medium,27,0,30,99.231,0.03625,0.0,0.96375,0.61984,0.26321,29,0,1.0,0.0,1.0,0,33.0,33.0,0,0,0,0,29,0,16,212,2.0,27
cache,250,strong,27,0,30,85.338,0.07193,0.01817,0.9099,0.62918,0.14321,29,1,0.9655172413793104,0.034482758620689655,0.9655172413793104,250,33.0,33.0,0,1,0,0,28,1,21,213,2.0,27
cache,250,weak,28,0,30,130.911,0.04613,0.01588,0.93799,0.5541,0.09426,29,0,1.0,0.0,1.0,0,33.0,33.0,0,0,0,0,29,0,14,213,2.0,28
cache,250,medium,28,0,30,101.013,0.03724,0.0,0.96276,0.60358,0.26893,29,0,1.0,0.0,1.0,0,33.0,33.0,0,0,0,0,29,0,10,213,2.0,28
cache,250,strong,28,0,30,81.345,0.03732,0.04422,0.91846,0.51255,0.08759,29,3,1.0,0.0,0.896551724137931,750,33.0,33.0,0,0,0,0,26,3,14,216,2.0,28
cache,250,weak,29,0,30,119.361,0.02682,0.01023,0.96295,0.5334,0.13647,29,0,1.0,0.0,1.0,0,33.0,33.0,0,0,0,0,29,0,11,216,2.0,29
cache,250,medium,29,0,30,110.946,0.0461,0.00922,0.94468,0.56454,0.17013,29,2,0.9655172413793104,0.034482758620689655,0.9310344827586207,501,33.0,33.0,0,1,0,0,27,2,12,218,2.0,29
cache,250,strong,29,0,30,79.662,0.06007,0.02361,0.91632,0.64655,0.06419,29,2,0.9655172413793104,0.034482758620689655,0.9310344827586207,500,33.0,33.0,0,1,0,0,27,2,18,220,2.0,29
cache,250,weak,0,0,30,130.383,0.03771,0.06049,0.9018,0.54849,0.07061,29,9,0.9310344827586207,0.06896551724137931,0.6896551724137931,2251,33.0,33.0,0,2,0,0,20,9,12,9,4.0,0
cache,250,medium,0,0,30,108.372,0.05024,0.02741,0.92235,0.65539,0.10944,29,11,0.9310344827586207,0.06896551724137931,0.6206896551724138,2751,33.0,33.0,0,2,0,0,18,11,11,20,4.0,0
cache,250,strong,0,0,30,90.024,0.08284,0.00843,0.90872,0.6828,0.16349,29,12,0.9310344827586207,0.06896551724137931,0.5862068965517241,3002,33.0,33.0,0,2,0,0,17,12,13,32,4.0,0
cache,250,weak,1,0,30,130.746,0.05351,0.08556,0.86093,0.51843,0.05282,29,2,0.9655172413793104,0.034482758620689655,0.9310344827586207,501,33.0,33.0,0,1,0,0,27,2,16,34,4.0,1
cache,250,medium,1,0,30,101.937,0.07154,0.0,0.92846,0.59816,0.20019,29,3,0.9310344827586207,0.06896551724137931,0.896551724137931,751,33.0,33.0,0,2,0,0,26,3,18,37,4.0,1
cache,250,strong,1,0,30,85.239,0.11692,0.00503,0.87805,0.70956,0.19021,29,4,0.896551724137931,0.10344827586206896,0.8620689655172413,1002,33.0,33.0,0,3,0,0,25,4,20,41,4.0,1
cache,250,weak,2,1,23,100.551,0.04135,0.06662,0.89202,0.49628,0.0,23,1,0.9565217391304348,0.043478260869565216,0.9565217391304348,250,33.0,33.0,0,1,0,0,22,1,14,42,4.0,2
cache,250,medium,2,0,30,105.006,0.07008,0.10277,0.82715,0.52965,0.01531,29,5,0.896551724137931,0.10344827586206896,0.8275862068965517,1251,33.0,33.0,0,3,0,0,24,5,15,47,4.0,2
cache,250,strong,2,0,30,86.724,0.12976,0.0,0.87024,0.69953,0.27321,29,4,0.896551724137931,0.10344827586206896,0.8620689655172413,1002,33.0,33.0,0,3,0,0,25,4,22,51,4.0,2
cache,250,weak,3,1,1,11.88,0.30833,0.19167,0.5,0.6213,0.0,1,0,1.0,0.0,1.0,0,33.0,33.0,0,0,0,0,1,0,0,51,4.0,3
cache,250,medium,3,1,26,94.71,0.06864,0.02056,0.9108,0.63104,0.0,26,0,1.0,0.0,1.0,0,33.0,33.0,0,0,0,0,26,0,17,51,4.0,3
cache,250,strong,3,0,30,82.929,0.05491,0.0,0.94509,0.63401,0.25063,29,5,0.9655172413793104,0.034482758620689655,0.8275862068965517,1252,33.0,33.0,0,1,0,0,24,5,18,56,4.0,3
cache,250,weak,4,1,17,84.183,0.08663,0.01686,0.89651,0.61687,0.0,17,0,1.0,0.0,1.0,0,33.0,33.0,0,0,0,0,17,0,11,56,4.0,4
cache,250,medium,4,1,9,37.686,0.24343,0.04466,0.71191,0.67762,0.0,9,0,1.0,0.0,1.0,0,33.0,33.0,0,0,0,0,9,0,5,56,4.0,4
cache,250,strong,4,1,13,39.798,0.27032,0.02322,0.70647,0.77431,0.0,13,1,1.0,0.0,0.9230769230769231,251,33.0,33.0,0,0,0,0,12,1,7,57,4.0,4
cache,250,weak,5,1,7,37.686,0.05342,0.10946,0.83713,0.53116,0.0,7,1,0.8571428571428571,0.14285714285714285,0.8571428571428571,250,33.0,33.0,0,1,0,0,6,1,5,58,4.0,5
cache,250,medium,5,0,30,106.986,0.05244,0.01604,0.93152,0.65716,0.09607,29,1,0.9655172413793104,0.034482758620689655,0.9655172413793104,249,33.0,33.0,0,1,0,0,28,1,21,59,4.0,5
cache,250,strong,5,0,30,87.582,0.14732,0.0,0.85268,0.77351,0.41659,29,2,0.9655172413793104,0.034482758620689655,0.9310344827586207,499,33.0,33.0,0,1,0,0,27,2,19,61,4.0,5
cache,250,weak,6,1,15,69.663,0.06111,0.04595,0.89294,0.66611,0.0,15,0,1.0,0.0,1.0,0,33.0,33.0,0,0,0,0,15,0,11,61,4.0,6
cache,250,medium,6,0,30,102.663,0.06815,0.04918,0.88267,0.61511,0.04919,29,0,1.0,0.0,1.0,0,33.0,33.0,0,0,0,0,29,0,12,61,4.0,6
cache,250,strong,6,0,30,84.051,0.07028,0.0,0.92972,0.66461,0.24837,29,1,1.0,0.0,0.9655172413793104,250,33.0,33.0,0,0,0,0,28,1,22,62,4.0,6
cache,250,weak,7,0,30,135.63,0.05864,0.04136,0.9,0.57254,0.09145,29,0,1.0,0.0,1.0,0,33.0,33.0,0,0,0,0,29,0,19,62,4.0,7
cache,250,medium,7,0,30,106.293,0.10866,0.0,0.89134,0.6602,0.21138,29,0,1.0,0.0,1.0,0,33.0,33.0,0,0,0,0,29,0,18,62,4.0,7
cache,250,strong,7,0,30,85.668,0.04083,0.00847,0.95069,0.66444,0.18205,29,2,1.0,0.0,0.9310344827586207,501,33.0,33.0,0,0,0,0,27,2,20,64,4.0,7
cache,250,weak,8,0,30,134.838,0.04307,0.01468,0.94224,0.57707,0.12991,29,0,1.0,0.0,1.0,0,33.0,33.0,0,0,0,0,29,0,17,64,4.0,8
cache,250,medium,8,0,30,104.643,0.0246,0.0,0.9754,0.6701,0.30126,29,0,1.0,0.0,1.0,0,33.0,33.0,0,0,0,0,29,0,24,64,4.0,8
cache,250,strong,8,0,30,90.189,0.06696,0.0,0.93304,0.70764,0.46642,29,1,1.0,0.0,0.9655172413793104,250,33.0,33.0,0,0,0,0,28,1,20,65,4.0,8
cache,250,weak,9,1,27,122.232,0.05265,0.05724,0.89012,0.56586,0.0,27,1,1.0,0.0,0.9629629629629629,251,33.0,33.0,0,0,0,0,26,1,16,66,4.0,9
cache,250,medium,9,1,7,30.855,0.26845,0.07594,0.65561,0.60636,0.0,7,0,1.0,0.0,1.0,0,33.0,33.0,0,0,0,0,7,0,5,66,4.0,9
cache,250,strong,9,0,30,86.13,0.10115,0.0,0.89885,0.69062,0.28069,29,3,1.0,0.0,0.896551724137931,752,33.0,33.0,0,0,0,0,26,3,18,69,4.0,9
cache,250,weak,10,1,6,33.627,0.09715,0.06084,0.842,0.60399,0.0,6,0,1.0,0.0,1.0,0,33.0,33.0,0,0,0,0,6,0,5,69,4.0,10
cache,250,medium,10,0,30,106.392,0.04311,0.0,0.95689,0.60846,0.24777,29,1,1.0,0.0,0.9655172413793104,251,33.0,33.0,0,0,0,0,28,1,17,70,4.0,10
cache,250,strong,10,0,30,89.364,0.08973,0.0,0.91027,0.67293,0.34864,29,0,1.0,0.0,1.0,0,33.0,33.0,0,0,0,0,29,0,22,70,4.0,10
cache,250,weak,11,1,3,22.968,0.13649,0.17241,0.69109,0.60187,0.0,3,0,1.0,0.0,1.0,0,33.0,33.0,0,0,0,0,3,0,2,70,4.0,11
cache,250,medium,11,1,3,14.223,0.51972,0.09281,0.38747,0.75982,0.0,3,1,1.0,0.0,0.6666666666666666,250,33.0,33.0,0,0,0,0,2,1,2,71,4.0,11
cache,250,strong,11,1,3,13.068,0.64646,0.07576,0.27778,0.80232,0.0,3,0,1.0,0.0,1.0,0,33.0,33.0,0,0,0,0,3,0,1,71,4.0,11
cache,250,weak,12,0,30,125.466,0.0313,0.0,0.9687,0.62371,0.26632,29,0,1.0,0.0,1.0,0,33.0,33.0,0,0,0,0,29,0,19,71,4.0,12
cache,250,medium,12,1,11,40.029,0.08986,0.01979,0.89035,0.70546,0.0,11,1,1.0,0.0,0.9090909090909091,250,33.0,33.0,0,0,0,0,10,1,7,72,4.0,12
cache,250,strong,12,0,30,85.767,0.05156,0.00731,0.94113,0.60367,0.17241,29,2,1.0,0.0,0.9310344827586207,501,33.0,33.0,0,0,0,0,27,2,18,74,4.0,12
cache,250,weak,13,1,19,80.52,0.03852,0.09303,0.86844,0.5379,0.0,19,0,1.0,0.0,1.0,0,33.0,33.0,0,0,0,0,19,0,10,74,4.0,13
cache,250,medium,13,1,25,89.298,0.06098,0.0085,0.93052,0.6298,0.0,25,0,1.0,0.0,1.0,0,33.0,33.0,0,0,0,0,25,0,17,74,4.0,13
cache,250,strong,13,0,30,77.286,0.10845,0.06063,0.83091,0.60207,0.03864,29,0,1.0,0.0,1.0,0,33.0,33.0,0,0,0,0,29,0,18,74,4.0,13
cache,250,weak,14,0,30,131.934,0.01526,0.02351,0.96123,0.56089,0.15465,29,0,1.0,0.0,1.0,0,33.0,33.0,0,0,0,0,29,0,22,74,4.0,14
cache,250,medium,14,0,30,93.258,0.06299,0.02583,0.91118,0.54006,0.11094,29,0,1.0,0.0,1.0,0,33.0,33.0,0,0,0,0,29,0,15,74,4.0,14
cache,250,strong,14,0,30,88.605,0.19739,0.00857,0.79404,0.7287,0.17911,29,0,1.0,0.0,1.0,0,33.0,33.0,0,0,0,0,29,0,19,74,4.0,14
cache,250,weak,15,0,30,135.168,0.02271,0.0,0.97729,0.64171,0.38668,29,0,1.0,0.0,1.0,0,33.0,33.0,0,0,0,0,29,0,19,74,4.0,15
cache,250,medium,15,0,30,108.174,0.01861,0.00854,0.97285,0.63145,0.17073,29,0,1.0,0.0,1.0,0,33.0,33.0,0,0,0,0,29,0,23,74,4.0,15
cache,250,strong,15,0,30,84.942,0.09169,0.01632,0.892,0.61637,0.12198,29,0,1.0,0.0,1.0,0,33.0,33.0,0,0,0,0,29,0,20,74,4.0,15
cache,250,weak,16,1,12,53.757,0.09761,0.03315,0.86924,0.63924,0.0,12,0,1.0,0.0,1.0,0,33.0,33.0,0,0,0,0,12,0,8,74,4.0,16
cache,250,medium,16,0,30,95.865,0.04716,0.00757,0.94527,0.52836,0.15255,29,1,1.0,0.0,0.9655172413793104,250,33.0,33.0,0,0,0,0,28,1,19,75,4.0,16
cache,250,strong,16,1,8,26.565,0.13168,0.04596,0.82236,0.6817,0.0,8,0,1.0,0.0,1.0,0,33.0,33.0,0,0,0,0,8,0,5,75,4.0,16
cache,250,weak,17,1,12,58.608,0.03435,0.02309,0.94257,0.57847,0.0,12,0,1.0,0.0,1.0,0,33.0,33.0,0,0,0,0,12,0,8,75,4.0,17
cache,250,medium,17,0,30,103.851,0.04099,0.04894,0.91007,0.61967,0.04272,29,0,1.0,0.0,1.0,0,33.0,33.0,0,0,0,0,29,0,15,75,4.0,17
cache,250,strong,17,0,30,92.994,0.08694,0.0,0.91306,0.6712,0.35995,29,1,1.0,0.0,0.9655172413793104,250,33.0,33.0,0,0,0,0,28,1,19,76,4.0,17
cache,250,weak,18,1,28,124.014,0.03486,0.05162,0.91352,0.61323,0.0,28,1,1.0,0.0,0.9642857142857143,250,33.0,33.0,0,0,0,0,27,1,16,77,4.0,18
cache,250,medium,18,1,14,56.1,0.10353,0.04824,0.84824,0.68177,0.0,14,0,1.0,0.0,1.0,0,33.0,33.0,0,0,0,0,14,0,13,77,4.0,18
cache,250,strong,18,0,30,84.777,0.04165,0.05138,0.90697,0.6068,0.00477,29,1,1.0,0.0,0.9655172413793104,250,33.0,33.0,0,0,0,0,28,1,18,78,4.0,18
cache,250,weak,19,1,9,41.514,0.08585,0.03577,0.87838,0.69868,0.0,9,0,1.0,0.0,1.0,0,33.0,33.0,0,0,0,0,9,0,8,78,4.0,19
cache,250,medium,19,0,30,98.538,0.07334,0.0,0.92666,0.6902,0.31243,29,0,1.0,0.0,1.0,0,33.0,33.0,0,0,0,0,29,0,22,78,4.0,19
cache,250,strong,19,0,30,81.51,0.08907,0.0,0.91093,0.66221,0.36265,29,1,0.9655172413793104,0.034482758620689655,0.9655172413793104,250,33.0,33.0,0,1,0,0,28,1,22,79,4.0,19
cache,250,weak,20,0,30,133.254,0.03616,0.05052,0.91332,0.63209,0.03203,29,0,1.0,0.0,1.0,0,33.0,33.0,0,0,0,0,29,0,18,79,4.0,20
cache,250,medium,20,0,30,102.564,0.01963,0.02381,0.95656,0.59581,0.1327,29,1,1.0,0.0,0.9655172413793104,250,33.0,33.0,0,0,0,0,28,1,21,80,4.0,20
cache,250,strong,20,0,30,82.038,0.0901,0.05672,0.85318,0.6244,0.06054,29,2,1.0,0.0,0.9310344827586207,499,33.0,33.0,0,0,0,0,27,2,14,82,4.0,20
cache,250,weak,21,1,14,68.97,0.09617,0.01483,0.889,0.65026,0.0,14,0,1.0,0.0,1.0,0,33.0,33.0,0,0,0,0,14,0,9,82,4.0,21
cache,250,medium,21,0,30,104.016,0.15165,0.0,0.84835,0.75148,0.39902,29,0,1.0,0.0,1.0,0,33.0,33.0,0,0,0,0,29,0,23,82,4.0,21
cache,250,strong,21,0,30,83.82,0.07953,0.0,0.92047,0.64612,0.24585,29,0,1.0,0.0,1.0,0,33.0,33.0,0,0,0,0,29,0,17,82,4.0,21
cache,250,weak,22,0,30,133.749,0.01505,0.0,0.98495,0.5766,0.21049,29,0,1.0,0.0,1.0,0,33.0,33.0,0,0,0,0,29,0,16,82,4.0,22
cache,250,medium,22,0,30,104.643,0.05077,0.0,0.94923,0.58236,0.25011,29,0,1.0,0.0,1.0,0,33.0,33.0,0,0,0,0,29,0,19,82,4.0,22
cache,250,strong,22,0,30,84.942,0.0878,0.01204,0.90016,0.66513,0.16989,29,2,0.9655172413793104,0.034482758620689655,0.9310344827586207,500,33.0,33.0,0,1,0,0,27,2,19,84,4.0,22
cache,250,weak,23,1,26,111.507,0.03847,0.02545,0.93608,0.68079,0.0,26,0,1.0,0.0,1.0,0,33.0,33.0,0,0,0,0,26,0,19,84,4.0,23
cache,250,medium,23,0,30,97.482,0.03588,0.0,0.96412,0.58293,0.24925,29,0,1.0,0.0,1.0,0,33.0,33.0,0,0,0,0,29,0,28,84,4.0,23
cache,250,strong,23,0,30,84.381,0.0747,0.0,0.9253,0.69779,0.39064,29,0,1.0,0.0,1.0,0,33.0,33.0,0,0,0,0,29,0,24,84,4.0,23
cache,250,weak,24,0,30,138.237,0.01599,0.0,0.98401,0.55331,0.22384,29,0,1.0,0.0,1.0,0,33.0,33.0,0,0,0,0,29,0,19,84,4.0,24
cache,250,medium,24,0,30,108.9,0.05364,0.0,0.94636,0.71222,0.45918,29,0,1.0,0.0,1.0,0,33.0,33.0,0,0,0,0,29,0,19,84,4.0,24
cache,250,strong,24,0,30,87.351,0.0476,0.0,0.9524,0.70151,0.39555,29,0,1.0,0.0,1.0,0,33.0,33.0,0,0,0,0,29,0,23,84,4.0,24
cache,250,weak,25,0,30,117.843,0.01708,0.0,0.98292,0.59268,0.26059,29,0,1.0,0.0,1.0,0,33.0,33.0,0,0,0,0,29,0,24,84,4.0,25
cache,250,medium,25,0,30,105.633,0.01906,0.0,0.98094,0.66426,0.31527,29,0,1.0,0.0,1.0,0,33.0,33.0,0,0,0,0,29,0,23,84,4.0,25
cache,250,strong,25,0,30,90.189,0.12367,0.0,0.87633,0.68254,0.38787,29,0,1.0,0.0,1.0,0,33.0,33.0,0,0,0,0,29,0,23,84,4.0,25
cache,250,weak,26,0,30,122.628,0.03714,0.0,0.96286,0.56498,0.26364,29,0,1.0,0.0,1.0,0,33.0,33.0,0,0,0,0,29,0,19,84,4.0,26
cache,250,medium,26,0,30,102.762,0.04721,0.02858,0.92421,0.57412,0.0942,29,1,0.9655172413793104,0.034482758620689655,0.9655172413793104,250,33.0,33.0,0,1,0,0,28,1,17,85,4.0,26
cache,250,strong,26,0,30,86.394,0.04278,0.0,0.95722,0.6352,0.32221,29,0,1.0,0.0,1.0,0,33.0,33.0,0,0,0,0,29,0,23,85,4.0,26
cache,250,weak,27,0,30,138.435,0.01454,0.02074,0.96472,0.52684,0.14682,29,0,1.0,0.0,1.0,0,33.0,33.0,0,0,0,0,29,0,18,85,4.0,27
cache,250,medium,27,1,15,59.037,0.05925,0.03242,0.90833,0.60873,0.0,15,0,1.0,0.0,1.0,0,33.0,33.0,0,0,0,0,15,0,5,85,4.0,27
cache,250,strong,27,0,30,87.945,0.13471,0.01126,0.85403,0.66944,0.1461,29,0,1.0,0.0,1.0,0,33.0,33.0,0,0,0,0,29,0,16,85,4.0,27
cache,250,weak,28,1,18,81.081,0.06064,0.00773,0.93162,0.61728,0.0,18,1,1.0,0.0,0.9444444444444444,250,33.0,33.0,0,0,0,0,17,1,10,86,4.0,28
cache,250,medium,28,0,30,99.462,0.06038,0.02422,0.91539,0.56677,0.11135,29,0,1.0,0.0,1.0,0,33.0,33.0,0,0,0,0,29,0,21,86,4.0,28
cache,250,strong,28,0,30,81.906,0.03828,0.02579,0.93594,0.59251,0.11292,29,0,1.0,0.0,1.0,0,33.0,33.0,0,0,0,0,29,0,21,86,4.0,28
cache,250,weak,29,1,12,61.182,0.06958,0.21197,0.71845,0.50666,0.0,12,0,1.0,0.0,1.0,0,33.0,33.0,0,0,0,0,12,0,5,86,4.0,29
cache,250,medium,29,0,30,111.705,0.03634,0.00443,0.95923,0.60592,0.18631,29,0,1.0,0.0,1.0,0,33.0,33.0,0,0,0,0,29,0,22,86,4.0,29
cache,250,strong,29,0,30,87.12,0.0553,0.07386,0.87083,0.57433,0.00593,29,0,1.0,0.0,1.0,0,33.0,33.0,0,0,0,0,29,0,23,86,4.0,29
cache,250,weak,0,1,18,90.321,0.05444,0.10121,0.84436,0.5497,0.0,18,7,0.8888888888888888,0.1111111111111111,0.6111111111111112,1751,33.0,33.0,0,2,0,0,11,7,9,7,8.0,0
cache,250,medium,0,0,30,104.016,0.08883,0.0,0.91117,0.70543,0.22401,29,5,0.9310344827586207,0.06896551724137931,0.8275862068965517,1250,33.0,33.0,0,2,0,0,24,5,18,12,8.0,0
cache,250,strong,0,0,30,87.681,0.22808,0.0,0.77192,0.78965,0.21378,29,7,0.9310344827586207,0.06896551724137931,0.7586206896551724,1753,33.0,33.0,0,2,0,0,22,7,20,19,8.0,0
cache,250,weak,1,0,30,126.324,0.0546,0.0,0.9454,0.57983,0.27566,29,0,1.0,0.0,1.0,0,33.0,33.0,0,0,0,0,29,0,17,19,8.0,1
cache,250,medium,1,0,30,107.415,0.08786,0.0,0.91214,0.73644,0.43674,29,1,0.9655172413793104,0.034482758620689655,0.9655172413793104,251,33.0,33.0,0,1,0,0,28,1,24,20,8.0,1
cache,250,strong,1,0,30,77.847,0.11106,0.0,0.88894,0.7072,0.33472,29,4,0.896551724137931,0.10344827586206896,0.8620689655172413,1002,33.0,33.0,0,3,0,0,25,4,19,24,8.0,1
cache,250,weak,2,0,30,120.12,0.03462,0.06181,0.90357,0.50125,0.02085,29,0,1.0,0.0,1.0,0,33.0,33.0,0,0,0,0,29,0,20,24,8.0,2
cache,250,medium,2,0,30,108.735,0.05159,0.00455,0.94385,0.66104,0.17596,29,0,1.0,0.0,1.0,0,33.0,33.0,0,0,0,0,29,0,22,24,8.0,2
cache,250,strong,2,0,30,81.741,0.15382,0.01413,0.83205,0.6717,0.114,29,1,0.9655172413793104,0.034482758620689655,0.9655172413793104,251,33.0,33.0,0,1,0,0,28,1,24,25,8.0,2
cache,250,weak,3,0,30,129.129,0.03016,0.02044,0.9494,0.56716,0.12953,29,0,1.0,0.0,1.0,0,33.0,33.0,0,0,0,0,29,0,19,25,8.0,3
cache,250,medium,3,0,30,105.369,0.0498,0.0,0.9502,0.6632,0.27589,29,0,1.0,0.0,1.0,0,33.0,33.0,0,0,0,0,29,0,18,25,8.0,3
cache,250,strong,3,0,30,73.92,0.07321,0.01161,0.91518,0.60571,0.1387,29,0,1.0,0.0,1.0,0,33.0,33.0,0,0,0,0,29,0,23,25,8.0,3
cache,250,weak,4,1,4,26.169,0.19042,0.06053,0.74905,0.72897,0.0,4,0,1.0,0.0,1.0,0,33.0,33.0,0,0,0,0,4,0,3,25,8.0,4
cache,250,medium,4,1,14,56.991,0.26925,0.01216,0.71859,0.79647,0.0,14,0,1.0,0.0,1.0,0,33.0,33.0,0,0,0,0,14,0,10,25,8.0,4
cache,250,strong,4,1,13,40.821,0.32741,0.02587,0.64673,0.7803,0.0,13,0,1.0,0.0,1.0,0,33.0,33.0,0,0,0,0,13,0,10,25,8.0,4
cache,250,weak,5,0,30,126.093,0.02486,0.05731,0.91782,0.49391,0.09865,29,0,1.0,0.0,1.0,0,33.0,33.0,0,0,0,0,29,0,21,25,8.0,5
cache,250,medium,5,0,30,108.735,0.1909,0.0,0.8091,0.80302,0.52104,29,1,0.9655172413793104,0.034482758620689655,0.9655172413793104,250,33.0,33.0,0,1,0,0,28,1,23,26,8.0,5
cache,250,strong,5,0,30,89.595,0.1267,0.0,0.8733,0.7483,0.38287,29,0,1.0,0.0,1.0,0,33.0,33.0,0,0,0,0,29,0,24,26,8.0,5
cache,250,weak,6,0,30,115.83,0.03675,0.02393,0.93932,0.58981,0.11573,29,0,1.0,0.0,1.0,0,33.0,33.0,0,0,0,0,29,0,22,26,8.0,6
cache,250,medium,6,0,30,100.32,0.05921,0.10132,0.83947,0.60962,0.03855,29,1,1.0,0.0,0.9655172413793104,250,33.0,33.0,0,0,0,0,28,1,22,27,8.0,6
cache,250,strong,6,0,30,84.084,0.13579,0.0,0.86421,0.72726,0.36343,29,0,1.0,0.0,1.0,0,33.0,33.0,0,0,0,0,29,0,19,27,8.0,6
cache,250,weak,7,0,30,120.813,0.05545,0.03414,0.91041,0.54626,0.13042,29,0,1.0,0.0,1.0,0,33.0,33.0,0,0,0,0,29,0,19,27,8.0,7
cache,250,medium,7,1,19,68.013,0.25764,0.02766,0.7147,0.72895,0.0,19,0,1.0,0.0,1.0,0,33.0,33.0,0,0,0,0,19,0,15,27,8.0,7
cache,250,strong,7,1,17,47.091,0.26069,0.01892,0.72039,0.76393,0.0,17,2,1.0,0.0,0.8823529411764706,501,33.0,33.0,0,0,0,0,15,2,12,29,8.0,7
cache,250,weak,8,0,30,136.884,0.01808,0.05497,0.92695,0.57206,0.04008,29,0,1.0,0.0,1.0,0,33.0,33.0,0,0,0,0,29,0,16,29,8.0,8
cache,250,medium,8,0,30,107.283,0.02399,0.004,0.97201,0.63177,0.18757,29,0,1.0,0.0,1.0,0,33.0,33.0,0,0,0,0,29,0,23,29,8.0,8
cache,250,strong,8,0,30,80.982,0.11369,0.0,0.88631,0.67583,0.24416,29,0,1.0,0.0,1.0,0,33.0,33.0,0,0,0,0,29,0,23,29,8.0,8
cache,250,weak,9,1,9,48.708,0.10637,0.06978,0.82385,0.62783,0.0,9,0,1.0,0.0,1.0,0,33.0,33.0,0,0,0,0,9,0,5,29,8.0,9
cache,250,medium,9,1,28,99.132,0.16012,0.01032,0.82956,0.68137,0.0,28,0,1.0,0.0,1.0,0,33.0,33.0,0,0,0,0,28,0,22,29,8.0,9
cache,250,strong,9,1,21,64.383,0.22296,0.01896,0.75807,0.75396,0.0,21,0,1.0,0.0,1.0,0,33.0,33.0,0,0,0,0,21,0,17,29,8.0,9
cache,250,weak,10,1,6,33.627,0.09715,0.06084,0.842,0.60399,0.0,6,0,1.0,0.0,1.0,0,33.0,33.0,0,0,0,0,6,0,5,29,8.0,10
cache,250,medium,10,0,30,115.269,0.0375,0.0,0.9625,0.68199,0.34105,29,0,1.0,0.0,1.0,0,33.0,33.0,0,0,0,0,29,0,20,29,8.0,10
cache,250,strong,10,0,30,94.314,0.19874,0.05108,0.75017,0.74304,0.01096,29,0,1.0,0.0,1.0,0,33.0,33.0,0,0,0,0,29,0,26,29,8.0,10
cache,250,weak,11,1,3,22.968,0.13649,0.17241,0.69109,0.60187,0.0,3,0,1.0,0.0,1.0,0,33.0,33.0,0,0,0,0,3,0,2,29,8.0,11
cache,250,medium,11,1,3,14.223,0.51972,0.09281,0.38747,0.75982,0.0,3,0,1.0,0.0,1.0,0,33.0,33.0,0,0,0,0,3,0,2,29,8.0,11
cache,250,strong,11,0,30,80.058,0.13438,0.06307,0.80256,0.62584,0.03723,29,1,1.0,0.0,0.9655172413793104,251,33.0,33.0,0,0,0,0,28,1,26,30,8.0,11
cache,250,weak,12,0,30,124.41,0.03156,0.0,0.96844,0.60777,0.27895,29,0,1.0,0.0,1.0,0,33.0,33.0,0,0,0,0,29,0,20,30,8.0,12
cache,250,medium,12,0,30,105.039,0.05467,0.0,0.94533,0.70425,0.42053,29,0,1.0,0.0,1.0,0,33.0,33.0,0,0,0,0,29,0,23,30,8.0,12
cache,250,strong,12,1,10,30.822,0.18308,0.04604,0.77088,0.72059,0.0,10,1,1.0,0.0,0.9,250,33.0,33.0,0,0,0,0,9,1,3,31,8.0,12
cache,250,weak,13,0,30,118.536,0.01698,0.0,0.98302,0.62967,0.31621,29,0,1.0,0.0,1.0,0,33.0,33.0,0,0,0,0,29,0,22,31,8.0,13
cache,250,medium,13,1,18,60.621,0.1203,0.01742,0.86228,0.68772,0.0,18,0,1.0,0.0,1.0,0,33.0,33.0,0,0,0,0,18,0,15,31,8.0,13
cache,250,strong,13,1,21,62.337,0.20858,0.02012,0.77131,0.76358,0.0,21,1,1.0,0.0,0.9523809523809523,250,33.0,33.0,0,0,0,0,20,1,18,32,8.0,13
cache,250,weak,14,0,30,118.965,0.01692,0.0,0.98308,0.57671,0.2507,29,0,1.0,0.0,1.0,0,33.0,33.0,0,0,0,0,29,0,21,32,8.0,14
cache,250,medium,14,1,12,40.557,0.19365,0.03173,0.77461,0.67566,0.0,12,0,1.0,0.0,1.0,0,33.0,33.0,0,0,0,0,12,0,8,32,8.0,14
cache,250,strong,14,0,30,85.404,0.28362,0.0,0.71638,0.82145,0.41492,29,0,1.0,0.0,1.0,0,33.0,33.0,0,0,0,0,29,0,24,32,8.0,14
cache,250,weak,15,1,21,95.964,0.02098,0.02854,0.95048,0.58847,0.0,21,0,1.0,0.0,1.0,0,33.0,33.0,0,0,0,0,21,0,17,32,8.0,15
cache,250,medium,15,0,30,110.187,0.02875,0.04313,0.92812,0.64764,0.02431,29,0,1.0,0.0,1.0,0,33.0,33.0,0,0,0,0,29,0,19,32,8.0,15
cache,250,strong,15,0,30,84.249,0.11868,0.0,0.88132,0.72983,0.36912,29,0,1.0,0.0,1.0,0,33.0,33.0,0,0,0,0,29,0,22,32,8.0,15
cache,250,weak,16,1,24,100.815,0.06383,0.00655,0.92962,0.68636,0.0,24,0,1.0,0.0,1.0,0,33.0,33.0,0,0,0,0,24,0,16,32,8.0,16
cache,250,medium,16,0,30,95.205,0.05858,0.00173,0.93969,0.62717,0.19178,29,0,1.0,0.0,1.0,0,33.0,33.0,0,0,0,0,29,0,23,32,8.0,16
cache,250,strong,16,0,30,83.589,0.07619,0.05369,0.87011,0.56423,0.06003,29,0,1.0,0.0,1.0,0,33.0,33.0,0,0,0,0,29,0,24,32,8.0,16
cache,250,weak,17,0,30,128.601,0.01565,0.0,0.98435,0.53767,0.23587,29,0,1.0,0.0,1.0,0,33.0,33.0,0,0,0,0,29,0,20,32,8.0,17
cache,250,medium,17,0,30,104.181,0.03959,0.04466,0.91574,0.62825,0.06154,29,0,1.0,0.0,1.0,0,33.0,33.0,0,0,0,0,29,0,20,32,8.0,17
cache,250,strong,17,1,9,35.772,0.19188,0.03782,0.7703,0.76317,0.0,9,0,1.0,0.0,1.0,0,33.0,33.0,0,0,0,0,9,0,5,32,8.0,17
cache,250,weak,18,1,8,37.191,0.1118,0.01686,0.87134,0.63483,0.0,8,0,1.0,0.0,1.0,0,33.0,33.0,0,0,0,0,8,0,5,32,8.0,18
cache,250,medium,18,0,30,102.597,0.05629,0.0,0.94371,0.65109,0.27705,29,0,1.0,0.0,1.0,0,33.0,33.0,0,0,0,0,29,0,25,32,8.0,18
cache,250,strong,18,0,30,82.698,0.11971,0.03392,0.84637,0.70538,0.07617,29,0,1.0,0.0,1.0,0,33.0,33.0,0,0,0,0,29,0,25,32,8.0,18
cache,250,weak,19,0,30,122.133,0.02918,0.00297,0.96785,0.61657,0.18682,29,0,1.0,0.0,1.0,0,33.0,33.0,0,0,0,0,29,0,21,32,8.0,19
cache,250,medium,19,1,24,77.022,0.11011,0.03385,0.85604,0.66228,0.0,24,0,1.0,0.0,1.0,0,33.0,33.0,0,0,0,0,24,0,20,32,8.0,19
cache,250,strong,19,0,30,80.025,0.19093,0.0,0.80907,0.70299,0.26902,29,1,0.9655172413793104,0.034482758620689655,0.9655172413793104,249,33.0,33.0,0,1,0,0,28,1,24,33,8.0,19
cache,250,weak,20,1,29,117.447,0.01714,0.03175,0.95111,0.58707,0.0,29,0,1.0,0.0,1.0,0,33.0,33.0,0,0,0,0,29,0,19,33,8.0,20
cache,250,medium,20,0,30,107.118,0.02896,0.0,0.97104,0.67944,0.27424,29,0,1.0,0.0,1.0,0,33.0,33.0,0,0,0,0,29,0,20,33,8.0,20
cache,250,strong,20,0,30,80.982,0.21679,0.0,0.78321,0.74955,0.2848,29,1,1.0,0.0,0.9655172413793104,250,33.0,33.0,0,0,0,0,28,1,26,34,8.0,20
cache,250,weak,21,1,4,28.941,0.10718,0.10376,0.78905,0.67188,0.0,4,0,1.0,0.0,1.0,0,33.0,33.0,0,0,0,0,4,0,3,34,8.0,21
cache,250,medium,21,1,11,45.87,0.3295,0.02086,0.64964,0.80916,0.0,11,0,1.0,0.0,1.0,0,33.0,33.0,0,0,0,0,11,0,10,34,8.0,21
cache,250,strong,21,0,30,89.364,0.17614,0.0,0.82386,0.80475,0.49086,29,0,1.0,0.0,1.0,0,33.0,33.0,0,0,0,0,29,0,18,34,8.0,21
cache,250,weak,22,0,30,135.168,0.01489,0.0,0.98511,0.63208,0.37873,29,0,1.0,0.0,1.0,0,33.0,33.0,0,0,0,0,29,0,16,34,8.0,22
cache,250,medium,22,0,30,113.091,0.05836,0.0,0.94164,0.68853,0.29466,29,0,1.0,0.0,1.0,0,33.0,33.0,0,0,0,0,29,0,23,34,8.0,22
cache,250,strong,22,0,30,83.226,0.10508,0.01903,0.87589,0.68733,0.15814,29,0,1.0,0.0,1.0,0,33.0,33.0,0,0,0,0,29,0,21,34,8.0,22
cache,250,weak,23,0,30,118.074,0.03633,0.0,0.96367,0.64081,0.35698,29,0,1.0,0.0,1.0,0,33.0,33.0,0,0,0,0,29,0,16,34,8.0,23
cache,250,medium,23,0,30,104.049,0.06724,0.04345,0.88931,0.64425,0.06147,29,0,1.0,0.0,1.0,0,33.0,33.0,0,0,0,0,29,0,23,34,8.0,23
cache,250,strong,23,0,30,85.866,0.12221,0.0,0.87779,0.7574,0.48411,29,0,1.0,0.0,1.0,0,33.0,33.0,0,0,0,0,29,0,25,34,8.0,23
cache,250,weak,24,1,29,132.297,0.01671,0.00698,0.9763,0.62824,0.0,29,0,1.0,0.0,1.0,0,33.0,33.0,0,0,0,0,29,0,23,34,8.0,24
cache,250,medium,24,1,10,47.058,0.07784,0.03296,0.8892,0.66759,0.0,10,0,1.0,0.0,1.0,0,33.0,33.0,0,0,0,0,10,0,7,34,8.0,24
cache,250,strong,24,0,30,85.833,0.1484,0.0,0.8516,0.73977,0.29544,29,0,1.0,0.0,1.0,0,33.0,33.0,0,0,0,0,29,0,22,34,8.0,24
cache,250,weak,25,0,30,116.457,0.01729,0.0,0.98271,0.6067,0.28601,29,0,1.0,0.0,1.0,0,33.0,33.0,0,0,0,0,29,0,20,34,8.0,25
cache,250,medium,25,1,17,61.215,0.07547,0.01402,0.91051,0.6957,0.0,17,1,1.0,0.0,0.9411764705882353,250,33.0,33.0,0,0,0,0,16,1,14,35,8.0,25
cache,250,strong,25,1,15,45.045,0.25934,0.02125,0.71941,0.78466,0.0,15,0,1.0,0.0,1.0,0,33.0,33.0,0,0,0,0,15,0,12,35,8.0,25
cache,250,weak,26,0,30,127.347,0.04276,0.07644,0.8808,0.46478,0.1189,29,0,1.0,0.0,1.0,0,33.0,33.0,0,0,0,0,29,0,17,35,8.0,26
cache,250,medium,26,0,30,103.653,0.05699,0.01974,0.92327,0.60805,0.09915,29,0,1.0,0.0,1.0,0,33.0,33.0,0,0,0,0,29,0,21,35,8.0,26
cache,250,strong,26,0,30,82.962,0.12013,0.0,0.87987,0.76208,0.39412,29,0,1.0,0.0,1.0,0,33.0,33.0,0,0,0,0,29,0,23,35,8.0,26
cache,250,weak,27,1,24,112.299,0.01793,0.03115,0.95093,0.6073,0.0,24,0,1.0,0.0,1.0,0,33.0,33.0,0,0,0,0,24,0,16,35,8.0,27
cache,250,medium,27,0,30,110.583,0.06595,0.0,0.93405,0.70959,0.3399,29,0,1.0,0.0,1.0,0,33.0,33.0,0,0,0,0,29,0,22,35,8.0,27
cache,250,strong,27,1,12,37.224,0.24025,0.01684,0.74291,0.75639,0.0,12,0,1.0,0.0,1.0,0,33.0,33.0,0,0,0,0,12,0,10,35,8.0,27
cache,250,weak,28,1,18,79.068,0.07596,0.07471,0.84933,0.54067,0.0,18,0,1.0,0.0,1.0,0,33.0,33.0,0,0,0,0,18,0,9,35,8.0,28
cache,250,medium,28,1,19,68.574,0.05294,0.01155,0.93551,0.66116,0.0,19,0,1.0,0.0,1.0,0,33.0,33.0,0,0,0,0,19,0,12,35,8.0,28
cache,250,strong,28,0,30,79.761,0.1295,0.024,0.8465,0.67576,0.0949,29,0,1.0,0.0,1.0,0,33.0,33.0,0,0,0,0,29,0,27,35,8.0,28
cache,250,weak,29,1,7,33.264,0.09623,0.0377,0.86607,0.66621,0.0,7,0,1.0,0.0,1.0,0,33.0,33.0,0,0,0,0,7,0,6,35,8.0,29
cache,250,medium,29,1,6,29.568,0.17634,0.09487,0.72879,0.66544,0.0,6,0,1.0,0.0,1.0,0,33.0,33.0,0,0,0,0,6,0,4,35,8.0,29
cache,250,strong,29,0,30,80.157,0.0597,0.0,0.9403,0.68968,0.31669,29,0,1.0,0.0,1.0,0,33.0,33.0,0,0,0,0,29,0,23,35,8.0,29
