arch,budget_ms,games,deadline_met,deadline_met_ci,fallback_rate,fallback_rate_ci,cost_per_hour_usd,requests_per_hour,tick_max_ms,consistency
rules,,90,,,,,0.0,0.0,33.0,1.0
blocking,,90,1.0,0.0,0.0,0.0,0.010439881861024606,993.5933674921437,737.835,0.7055555555555556
async,33.0,90,0.0,0.0,1.0,0.0,0.010378250730328074,987.4527234655559,33.0,1.0
async,100.0,90,0.018214049941519525,0.006335549767254043,0.9817859500584806,0.006335549767254043,0.01036624994990603,986.3288816508575,33.0,0.9888888888888889
async,250.0,90,0.6700793395771016,0.019866524868428104,0.32992066042289836,0.019866524868428107,0.010411797068864777,990.8333438184287,33.0,0.5055555555555555
async,500.0,90,0.9879000450755016,0.007982377630594707,0.012099954924498526,0.00798237763059471,0.010386736052153893,988.5222237479481,33.0,0.6972222222222223
cache,33.0,90,0.08504593557303718,0.012170703099743309,0.9149540644269629,0.01217070309974331,0.009468588826063972,900.9868822094074,33.0,0.9694444444444446
cache,100.0,90,0.10430450890075241,0.015316743233036497,0.8956954910992476,0.0153167432330365,0.00945048831510976,899.2720202129187,33.0,0.9694444444444446
cache,250.0,90,0.6968034789601579,0.019473715222647722,0.303196521039842,0.019473715222647722,0.009632317667274227,916.6824769635767,33.0,0.9861111111111112
cache,500.0,90,0.9887461498009166,0.00787577310664438,0.011253850199083456,0.00787577310664438,0.009652019367223706,918.619087503567,33.0,0.9972222222222222
prefetch,33.0,90,0.22986330646342745,0.02514207377236863,0.7701366935365724,0.025142073772368625,0.02845440610435792,2707.02831956198,33.0,1.0
prefetch,100.0,90,0.24257329762169447,0.02475925007434489,0.7574267023783056,0.024759250074344888,0.02850289825684221,2711.512483245976,33.0,1.0
prefetch,250.0,90,0.7348307305012286,0.022328383109104254,0.2651692694987714,0.022328383109104254,0.029098549314020786,2769.3001496473357,33.0,1.0
prefetch,500.0,90,0.99272030651341,0.003459684848914649,0.00727969348659003,0.0034596848489146497,0.02926303379786603,2785.4166847488004,33.0,1.0
