arch,budget_ms,state,agreement,distinct
model,,0,1.0,1
rules,,0,1.0,1
blocking,,0,1.0,1
async,33.0,0,1.0,1
cache,33.0,0,0.9666666666666667,2
prefetch,33.0,0,1.0,1
async,100.0,0,1.0,1
cache,100.0,0,0.9666666666666667,2
prefetch,100.0,0,1.0,1
async,250.0,0,0.5,2
cache,250.0,0,0.9666666666666667,2
prefetch,250.0,0,1.0,1
async,500.0,0,0.9666666666666667,2
cache,500.0,0,1.0,1
prefetch,500.0,0,1.0,1
model,,1,0.9666666666666667,2
rules,,1,1.0,1
blocking,,1,0.9666666666666667,2
async,33.0,1,1.0,1
cache,33.0,1,0.9666666666666667,2
prefetch,33.0,1,1.0,1
async,100.0,1,0.9666666666666667,2
cache,100.0,1,0.9666666666666667,2
prefetch,100.0,1,1.0,1
async,250.0,1,0.5666666666666667,2
cache,250.0,1,0.9666666666666667,2
prefetch,250.0,1,1.0,1
async,500.0,1,0.9666666666666667,2
cache,500.0,1,1.0,1
prefetch,500.0,1,1.0,1
model,,2,0.5666666666666667,4
rules,,2,1.0,1
blocking,,2,0.5666666666666667,4
async,33.0,2,1.0,1
cache,33.0,2,0.9666666666666667,2
prefetch,33.0,2,1.0,1
async,100.0,2,0.9666666666666667,2
cache,100.0,2,0.9666666666666667,2
prefetch,100.0,2,1.0,1
async,250.0,2,0.36666666666666664,5
cache,250.0,2,1.0,1
prefetch,250.0,2,1.0,1
async,500.0,2,0.5666666666666667,4
cache,500.0,2,1.0,1
prefetch,500.0,2,1.0,1
model,,3,0.7,4
rules,,3,1.0,1
blocking,,3,0.7,4
async,33.0,3,1.0,1
cache,33.0,3,0.9666666666666667,2
prefetch,33.0,3,1.0,1
async,100.0,3,1.0,1
cache,100.0,3,0.9666666666666667,2
prefetch,100.0,3,1.0,1
async,250.0,3,0.5333333333333333,4
cache,250.0,3,0.9666666666666667,2
prefetch,250.0,3,1.0,1
async,500.0,3,0.7,4
cache,500.0,3,1.0,1
prefetch,500.0,3,1.0,1
model,,4,0.9333333333333333,2
rules,,4,1.0,1
blocking,,4,0.9333333333333333,2
async,33.0,4,1.0,1
cache,33.0,4,0.9666666666666667,2
prefetch,33.0,4,1.0,1
async,100.0,4,0.9666666666666667,2
cache,100.0,4,0.9666666666666667,2
prefetch,100.0,4,1.0,1
async,250.0,4,0.5333333333333333,3
cache,250.0,4,1.0,1
prefetch,250.0,4,1.0,1
async,500.0,4,0.8666666666666667,3
cache,500.0,4,1.0,1
prefetch,500.0,4,1.0,1
model,,5,0.9666666666666667,2
rules,,5,1.0,1
blocking,,5,0.9666666666666667,2
async,33.0,5,1.0,1
cache,33.0,5,0.9666666666666667,2
prefetch,33.0,5,1.0,1
async,100.0,5,0.9666666666666667,2
cache,100.0,5,0.9666666666666667,2
prefetch,100.0,5,1.0,1
async,250.0,5,0.5666666666666667,3
cache,250.0,5,0.9666666666666667,2
prefetch,250.0,5,1.0,1
async,500.0,5,0.9666666666666667,2
cache,500.0,5,1.0,1
prefetch,500.0,5,1.0,1
model,,6,0.5333333333333333,4
rules,,6,1.0,1
blocking,,6,0.5333333333333333,4
async,33.0,6,1.0,1
cache,33.0,6,0.9666666666666667,2
prefetch,33.0,6,1.0,1
async,100.0,6,1.0,1
cache,100.0,6,0.9666666666666667,2
prefetch,100.0,6,1.0,1
async,250.0,6,0.43333333333333335,5
cache,250.0,6,1.0,1
prefetch,250.0,6,1.0,1
async,500.0,6,0.5333333333333333,4
cache,500.0,6,1.0,1
prefetch,500.0,6,1.0,1
model,,7,0.36666666666666664,6
rules,,7,1.0,1
blocking,,7,0.36666666666666664,6
async,33.0,7,1.0,1
cache,33.0,7,0.9666666666666667,2
prefetch,33.0,7,1.0,1
async,100.0,7,1.0,1
cache,100.0,7,0.9666666666666667,2
prefetch,100.0,7,1.0,1
async,250.0,7,0.5333333333333333,6
cache,250.0,7,0.9666666666666667,2
prefetch,250.0,7,1.0,1
async,500.0,7,0.36666666666666664,6
cache,500.0,7,1.0,1
prefetch,500.0,7,1.0,1
model,,8,0.5333333333333333,5
rules,,8,1.0,1
blocking,,8,0.5333333333333333,5
async,33.0,8,1.0,1
cache,33.0,8,0.9666666666666667,2
prefetch,33.0,8,1.0,1
async,100.0,8,1.0,1
cache,100.0,8,0.9666666666666667,2
prefetch,100.0,8,1.0,1
async,250.0,8,0.4666666666666667,6
cache,250.0,8,1.0,1
prefetch,250.0,8,1.0,1
async,500.0,8,0.5333333333333333,5
cache,500.0,8,1.0,1
prefetch,500.0,8,1.0,1
model,,9,0.6,4
rules,,9,1.0,1
blocking,,9,0.6,4
async,33.0,9,1.0,1
cache,33.0,9,1.0,1
prefetch,33.0,9,1.0,1
async,100.0,9,1.0,1
cache,100.0,9,1.0,1
prefetch,100.0,9,1.0,1
async,250.0,9,0.6333333333333333,4
cache,250.0,9,1.0,1
prefetch,250.0,9,1.0,1
async,500.0,9,0.6333333333333333,4
cache,500.0,9,1.0,1
prefetch,500.0,9,1.0,1
model,,10,0.6333333333333333,8
rules,,10,1.0,1
blocking,,10,0.6333333333333333,8
async,33.0,10,1.0,1
cache,33.0,10,0.9666666666666667,2
prefetch,33.0,10,1.0,1
async,100.0,10,1.0,1
cache,100.0,10,0.9666666666666667,2
prefetch,100.0,10,1.0,1
async,250.0,10,0.43333333333333335,7
cache,250.0,10,1.0,1
prefetch,250.0,10,1.0,1
async,500.0,10,0.6,8
cache,500.0,10,0.9666666666666667,2
prefetch,500.0,10,1.0,1
model,,11,0.6666666666666666,4
rules,,11,1.0,1
blocking,,11,0.6666666666666666,4
async,33.0,11,1.0,1
cache,33.0,11,0.9666666666666667,2
prefetch,33.0,11,1.0,1
async,100.0,11,1.0,1
cache,100.0,11,0.9666666666666667,2
prefetch,100.0,11,1.0,1
async,250.0,11,0.5,5
cache,250.0,11,1.0,1
prefetch,250.0,11,1.0,1
async,500.0,11,0.6666666666666666,5
cache,500.0,11,1.0,1
prefetch,500.0,11,1.0,1
